,date,store,product,category,forecast_qty,unit_price,forecast_revenue,model
0,2025-01-01,Store_Bangalore,Cooking Oil (1L),Grocery,166.55,150.0,24982.08,RandomForest
1,2025-01-02,Store_Bangalore,Cooking Oil (1L),Grocery,167.45,150.0,25117.85,RandomForest
2,2025-01-03,Store_Bangalore,Cooking Oil (1L),Grocery,170.76,150.0,25613.84,RandomForest
3,2025-01-04,Store_Bangalore,Cooking Oil (1L),Grocery,220.35,150.0,33051.96,RandomForest
4,2025-01-05,Store_Bangalore,Cooking Oil (1L),Grocery,220.46,150.0,33069.68,RandomForest
5,2025-01-06,Store_Bangalore,Cooking Oil (1L),Grocery,173.38,150.0,26007.02,RandomForest
6,2025-01-07,Store_Bangalore,Cooking Oil (1L),Grocery,174.34,150.0,26151.46,RandomForest
7,2025-01-08,Store_Bangalore,Cooking Oil (1L),Grocery,174.51,150.0,26175.95,RandomForest
8,2025-01-09,Store_Bangalore,Cooking Oil (1L),Grocery,174.38,150.0,26156.63,RandomForest
9,2025-01-10,Store_Bangalore,Cooking Oil (1L),Grocery,175.09,150.0,26264.19,RandomForest
10,2025-01-11,Store_Bangalore,Cooking Oil (1L),Grocery,220.77,150.0,33115.18,RandomForest
11,2025-01-12,Store_Bangalore,Cooking Oil (1L),Grocery,220.73,150.0,33109.28,RandomForest
12,2025-01-13,Store_Bangalore,Cooking Oil (1L),Grocery,174.52,150.0,26177.5,RandomForest
13,2025-01-14,Store_Bangalore,Cooking Oil (1L),Grocery,175.38,150.0,26306.83,RandomForest
14,2025-01-15,Store_Bangalore,Cooking Oil (1L),Grocery,175.38,150.0,26306.83,RandomForest
15,2025-01-16,Store_Bangalore,Cooking Oil (1L),Grocery,175.25,150.0,26287.52,RandomForest
16,2025-01-17,Store_Bangalore,Cooking Oil (1L),Grocery,175.25,150.0,26287.52,RandomForest
17,2025-01-18,Store_Bangalore,Cooking Oil (1L),Grocery,220.92,150.0,33138.51,RandomForest
18,2025-01-19,Store_Bangalore,Cooking Oil (1L),Grocery,220.88,150.0,33132.61,RandomForest
19,2025-01-20,Store_Bangalore,Cooking Oil (1L),Grocery,174.52,150.0,26177.5,RandomForest
20,2025-01-21,Store_Bangalore,Cooking Oil (1L),Grocery,175.23,150.0,26284.93,RandomForest
21,2025-01-22,Store_Bangalore,Cooking Oil (1L),Grocery,175.23,150.0,26284.93,RandomForest
22,2025-01-23,Store_Bangalore,Cooking Oil (1L),Grocery,175.1,150.0,26265.62,RandomForest
23,2025-01-24,Store_Bangalore,Cooking Oil (1L),Grocery,175.1,150.0,26265.62,RandomForest
24,2025-01-25,Store_Bangalore,Cooking Oil (1L),Grocery,221.51,150.0,33227.21,RandomForest
25,2025-01-26,Store_Bangalore,Cooking Oil (1L),Grocery,221.64,150.0,33245.42,RandomForest
26,2025-01-27,Store_Bangalore,Cooking Oil (1L),Grocery,174.37,150.0,26155.61,RandomForest
27,2025-01-28,Store_Bangalore,Cooking Oil (1L),Grocery,175.23,150.0,26284.93,RandomForest
28,2025-01-29,Store_Bangalore,Cooking Oil (1L),Grocery,175.23,150.0,26284.93,RandomForest
29,2025-01-30,Store_Bangalore,Cooking Oil (1L),Grocery,167.27,150.0,25089.92,RandomForest
30,2025-01-01,Store_Bangalore,Dal (1kg),Grocery,253.23,120.0,30387.12,RandomForest
31,2025-01-02,Store_Bangalore,Dal (1kg),Grocery,249.68,120.0,29961.02,RandomForest
32,2025-01-03,Store_Bangalore,Dal (1kg),Grocery,255.19,120.0,30623.36,RandomForest
33,2025-01-04,Store_Bangalore,Dal (1kg),Grocery,339.3,120.0,40715.84,RandomForest
34,2025-01-05,Store_Bangalore,Dal (1kg),Grocery,346.68,120.0,41601.87,RandomForest
35,2025-01-06,Store_Bangalore,Dal (1kg),Grocery,257.26,120.0,30871.39,RandomForest
36,2025-01-07,Store_Bangalore,Dal (1kg),Grocery,255.01,120.0,30600.65,RandomForest
37,2025-01-08,Store_Bangalore,Dal (1kg),Grocery,255.18,120.0,30621.63,RandomForest
38,2025-01-09,Store_Bangalore,Dal (1kg),Grocery,258.81,120.0,31056.82,RandomForest
39,2025-01-10,Store_Bangalore,Dal (1kg),Grocery,261.27,120.0,31352.24,RandomForest
40,2025-01-11,Store_Bangalore,Dal (1kg),Grocery,339.75,120.0,40769.73,RandomForest
41,2025-01-12,Store_Bangalore,Dal (1kg),Grocery,346.97,120.0,41636.86,RandomForest
42,2025-01-13,Store_Bangalore,Dal (1kg),Grocery,262.79,120.0,31535.06,RandomForest
43,2025-01-14,Store_Bangalore,Dal (1kg),Grocery,266.66,120.0,31999.25,RandomForest
44,2025-01-15,Store_Bangalore,Dal (1kg),Grocery,266.66,120.0,31999.25,RandomForest
45,2025-01-16,Store_Bangalore,Dal (1kg),Grocery,265.91,120.0,31908.79,RandomForest
46,2025-01-17,Store_Bangalore,Dal (1kg),Grocery,265.91,120.0,31908.79,RandomForest
47,2025-01-18,Store_Bangalore,Dal (1kg),Grocery,342.87,120.0,41144.18,RandomForest
48,2025-01-19,Store_Bangalore,Dal (1kg),Grocery,350.09,120.0,42011.31,RandomForest
49,2025-01-20,Store_Bangalore,Dal (1kg),Grocery,267.43,120.0,32092.02,RandomForest
50,2025-01-21,Store_Bangalore,Dal (1kg),Grocery,267.57,120.0,32108.39,RandomForest
51,2025-01-22,Store_Bangalore,Dal (1kg),Grocery,267.57,120.0,32108.39,RandomForest
52,2025-01-23,Store_Bangalore,Dal (1kg),Grocery,265.69,120.0,31883.32,RandomForest
53,2025-01-24,Store_Bangalore,Dal (1kg),Grocery,265.69,120.0,31883.32,RandomForest
54,2025-01-25,Store_Bangalore,Dal (1kg),Grocery,349.44,120.0,41932.9,RandomForest
55,2025-01-26,Store_Bangalore,Dal (1kg),Grocery,351.41,120.0,42169.79,RandomForest
56,2025-01-27,Store_Bangalore,Dal (1kg),Grocery,267.22,120.0,32066.55,RandomForest
57,2025-01-28,Store_Bangalore,Dal (1kg),Grocery,267.57,120.0,32108.39,RandomForest
58,2025-01-29,Store_Bangalore,Dal (1kg),Grocery,266.66,120.0,31998.99,RandomForest
59,2025-01-30,Store_Bangalore,Dal (1kg),Grocery,251.65,120.0,30197.83,RandomForest
60,2025-01-01,Store_Bangalore,Earbuds,Electronics,79.28,2500.0,198203.72,RandomForest
61,2025-01-02,Store_Bangalore,Earbuds,Electronics,80.19,2500.0,200466.56,RandomForest
62,2025-01-03,Store_Bangalore,Earbuds,Electronics,87.61,2500.0,219027.1,RandomForest
63,2025-01-04,Store_Bangalore,Earbuds,Electronics,124.99,2500.0,312480.7,RandomForest
64,2025-01-05,Store_Bangalore,Earbuds,Electronics,123.58,2500.0,308947.73,RandomForest
65,2025-01-06,Store_Bangalore,Earbuds,Electronics,101.33,2500.0,253331.41,RandomForest
66,2025-01-07,Store_Bangalore,Earbuds,Electronics,105.0,2500.0,262500.93,RandomForest
67,2025-01-08,Store_Bangalore,Earbuds,Electronics,105.16,2500.0,262909.01,RandomForest
68,2025-01-09,Store_Bangalore,Earbuds,Electronics,105.03,2500.0,262587.15,RandomForest
69,2025-01-10,Store_Bangalore,Earbuds,Electronics,106.06,2500.0,265139.35,RandomForest
70,2025-01-11,Store_Bangalore,Earbuds,Electronics,129.87,2500.0,324683.15,RandomForest
71,2025-01-12,Store_Bangalore,Earbuds,Electronics,128.0,2500.0,320002.9,RandomForest
72,2025-01-13,Store_Bangalore,Earbuds,Electronics,103.82,2500.0,259553.15,RandomForest
73,2025-01-14,Store_Bangalore,Earbuds,Electronics,106.34,2500.0,265849.99,RandomForest
74,2025-01-15,Store_Bangalore,Earbuds,Electronics,106.34,2500.0,265849.99,RandomForest
75,2025-01-16,Store_Bangalore,Earbuds,Electronics,106.21,2500.0,265528.13,RandomForest
76,2025-01-17,Store_Bangalore,Earbuds,Electronics,106.21,2500.0,265528.13,RandomForest
77,2025-01-18,Store_Bangalore,Earbuds,Electronics,130.42,2500.0,326046.68,RandomForest
78,2025-01-19,Store_Bangalore,Earbuds,Electronics,129.57,2500.0,323914.79,RandomForest
79,2025-01-20,Store_Bangalore,Earbuds,Electronics,104.21,2500.0,260527.88,RandomForest
80,2025-01-21,Store_Bangalore,Earbuds,Electronics,107.79,2500.0,269469.81,RandomForest
81,2025-01-22,Store_Bangalore,Earbuds,Electronics,107.79,2500.0,269469.81,RandomForest
82,2025-01-23,Store_Bangalore,Earbuds,Electronics,107.66,2500.0,269147.95,RandomForest
83,2025-01-24,Store_Bangalore,Earbuds,Electronics,107.66,2500.0,269147.95,RandomForest
84,2025-01-25,Store_Bangalore,Earbuds,Electronics,131.93,2500.0,329817.66,RandomForest
85,2025-01-26,Store_Bangalore,Earbuds,Electronics,130.22,2500.0,325539.25,RandomForest
86,2025-01-27,Store_Bangalore,Earbuds,Electronics,104.25,2500.0,260624.62,RandomForest
87,2025-01-28,Store_Bangalore,Earbuds,Electronics,107.64,2500.0,269107.86,RandomForest
88,2025-01-29,Store_Bangalore,Earbuds,Electronics,107.64,2500.0,269107.86,RandomForest
89,2025-01-30,Store_Bangalore,Earbuds,Electronics,99.68,2500.0,249190.85,RandomForest
90,2025-01-01,Store_Bangalore,Face Wash,Personal Care,159.3,120.0,19116.37,RandomForest
91,2025-01-02,Store_Bangalore,Face Wash,Personal Care,160.21,120.0,19224.98,RandomForest
92,2025-01-03,Store_Bangalore,Face Wash,Personal Care,162.45,120.0,19493.49,RandomForest
93,2025-01-04,Store_Bangalore,Face Wash,Personal Care,204.84,120.0,24580.35,RandomForest
94,2025-01-05,Store_Bangalore,Face Wash,Personal Care,204.0,120.0,24480.36,RandomForest
95,2025-01-06,Store_Bangalore,Face Wash,Personal Care,167.3,120.0,20076.31,RandomForest
96,2025-01-07,Store_Bangalore,Face Wash,Personal Care,169.31,120.0,20316.76,RandomForest
97,2025-01-08,Store_Bangalore,Face Wash,Personal Care,169.47,120.0,20336.35,RandomForest
98,2025-01-09,Store_Bangalore,Face Wash,Personal Care,169.34,120.0,20320.9,RandomForest
99,2025-01-10,Store_Bangalore,Face Wash,Personal Care,170.36,120.0,20443.4,RandomForest
100,2025-01-11,Store_Bangalore,Face Wash,Personal Care,205.26,120.0,24630.93,RandomForest
101,2025-01-12,Store_Bangalore,Face Wash,Personal Care,204.27,120.0,24512.03,RandomForest
102,2025-01-13,Store_Bangalore,Face Wash,Personal Care,168.74,120.0,20249.16,RandomForest
103,2025-01-14,Store_Bangalore,Face Wash,Personal Care,170.65,120.0,20477.51,RandomForest
104,2025-01-15,Store_Bangalore,Face Wash,Personal Care,170.65,120.0,20477.51,RandomForest
105,2025-01-16,Store_Bangalore,Face Wash,Personal Care,170.94,120.0,20512.51,RandomForest
106,2025-01-17,Store_Bangalore,Face Wash,Personal Care,170.94,120.0,20512.51,RandomForest
107,2025-01-18,Store_Bangalore,Face Wash,Personal Care,206.22,120.0,24746.82,RandomForest
108,2025-01-19,Store_Bangalore,Face Wash,Personal Care,205.23,120.0,24627.93,RandomForest
109,2025-01-20,Store_Bangalore,Face Wash,Personal Care,169.55,120.0,20346.39,RandomForest
110,2025-01-21,Store_Bangalore,Face Wash,Personal Care,171.57,120.0,20588.02,RandomForest
111,2025-01-22,Store_Bangalore,Face Wash,Personal Care,171.57,120.0,20588.02,RandomForest
112,2025-01-23,Store_Bangalore,Face Wash,Personal Care,171.44,120.0,20572.57,RandomForest
113,2025-01-24,Store_Bangalore,Face Wash,Personal Care,171.44,120.0,20572.57,RandomForest
114,2025-01-25,Store_Bangalore,Face Wash,Personal Care,207.07,120.0,24848.57,RandomForest
115,2025-01-26,Store_Bangalore,Face Wash,Personal Care,206.24,120.0,24748.96,RandomForest
116,2025-01-27,Store_Bangalore,Face Wash,Personal Care,169.66,120.0,20359.66,RandomForest
117,2025-01-28,Store_Bangalore,Face Wash,Personal Care,171.57,120.0,20588.02,RandomForest
118,2025-01-29,Store_Bangalore,Face Wash,Personal Care,170.66,120.0,20478.62,RandomForest
119,2025-01-30,Store_Bangalore,Face Wash,Personal Care,161.36,120.0,19363.61,RandomForest
120,2025-01-01,Store_Bangalore,Kids Jeans,Clothing,52.0,799.0,41550.96,RandomForest
121,2025-01-02,Store_Bangalore,Kids Jeans,Clothing,52.96,799.0,42317.47,RandomForest
122,2025-01-03,Store_Bangalore,Kids Jeans,Clothing,52.96,799.0,42317.47,RandomForest
123,2025-01-04,Store_Bangalore,Kids Jeans,Clothing,66.45,799.0,53095.55,RandomForest
124,2025-01-05,Store_Bangalore,Kids Jeans,Clothing,65.84,799.0,52603.66,RandomForest
125,2025-01-06,Store_Bangalore,Kids Jeans,Clothing,53.6,799.0,42827.31,RandomForest
126,2025-01-07,Store_Bangalore,Kids Jeans,Clothing,55.03,799.0,43967.58,RandomForest
127,2025-01-08,Store_Bangalore,Kids Jeans,Clothing,55.19,799.0,44098.0,RandomForest
128,2025-01-09,Store_Bangalore,Kids Jeans,Clothing,55.06,799.0,43995.13,RandomForest
129,2025-01-10,Store_Bangalore,Kids Jeans,Clothing,55.5,799.0,44342.74,RandomForest
130,2025-01-11,Store_Bangalore,Kids Jeans,Clothing,67.47,799.0,53911.69,RandomForest
131,2025-01-12,Store_Bangalore,Kids Jeans,Clothing,66.7,799.0,53293.97,RandomForest
132,2025-01-13,Store_Bangalore,Kids Jeans,Clothing,54.46,799.0,43510.1,RandomForest
133,2025-01-14,Store_Bangalore,Kids Jeans,Clothing,55.78,799.0,44569.86,RandomForest
134,2025-01-15,Store_Bangalore,Kids Jeans,Clothing,55.68,799.0,44490.33,RandomForest
135,2025-01-16,Store_Bangalore,Kids Jeans,Clothing,55.55,799.0,44387.46,RandomForest
136,2025-01-17,Store_Bangalore,Kids Jeans,Clothing,55.55,799.0,44387.46,RandomForest
137,2025-01-18,Store_Bangalore,Kids Jeans,Clothing,67.53,799.0,53956.41,RandomForest
138,2025-01-19,Store_Bangalore,Kids Jeans,Clothing,66.76,799.0,53338.69,RandomForest
139,2025-01-20,Store_Bangalore,Kids Jeans,Clothing,54.36,799.0,43430.56,RandomForest
140,2025-01-21,Store_Bangalore,Kids Jeans,Clothing,55.72,799.0,44521.25,RandomForest
141,2025-01-22,Store_Bangalore,Kids Jeans,Clothing,55.72,799.0,44521.25,RandomForest
142,2025-01-23,Store_Bangalore,Kids Jeans,Clothing,55.59,799.0,44418.38,RandomForest
143,2025-01-24,Store_Bangalore,Kids Jeans,Clothing,55.59,799.0,44418.38,RandomForest
144,2025-01-25,Store_Bangalore,Kids Jeans,Clothing,67.57,799.0,53990.42,RandomForest
145,2025-01-26,Store_Bangalore,Kids Jeans,Clothing,66.96,799.0,53501.11,RandomForest
146,2025-01-27,Store_Bangalore,Kids Jeans,Clothing,54.39,799.0,43461.48,RandomForest
147,2025-01-28,Store_Bangalore,Kids Jeans,Clothing,55.42,799.0,44282.18,RandomForest
148,2025-01-29,Store_Bangalore,Kids Jeans,Clothing,54.35,799.0,43426.69,RandomForest
149,2025-01-30,Store_Bangalore,Kids Jeans,Clothing,50.33,799.0,40214.3,RandomForest
150,2025-01-01,Store_Bangalore,Laptop,Electronics,15.97,45000.0,718612.72,RandomForest
151,2025-01-02,Store_Bangalore,Laptop,Electronics,16.91,45000.0,760977.2,RandomForest
152,2025-01-03,Store_Bangalore,Laptop,Electronics,17.49,45000.0,786854.38,RandomForest
153,2025-01-04,Store_Bangalore,Laptop,Electronics,24.84,45000.0,1117790.74,RandomForest
154,2025-01-05,Store_Bangalore,Laptop,Electronics,24.53,45000.0,1103649.36,RandomForest
155,2025-01-06,Store_Bangalore,Laptop,Electronics,19.84,45000.0,892582.68,RandomForest
156,2025-01-07,Store_Bangalore,Laptop,Electronics,20.64,45000.0,928696.2,RandomForest
157,2025-01-08,Store_Bangalore,Laptop,Electronics,20.8,45000.0,936041.68,RandomForest
158,2025-01-09,Store_Bangalore,Laptop,Electronics,20.8,45000.0,936041.68,RandomForest
159,2025-01-10,Store_Bangalore,Laptop,Electronics,21.24,45000.0,955619.14,RandomForest
160,2025-01-11,Store_Bangalore,Laptop,Electronics,27.08,45000.0,1218457.43,RandomForest
161,2025-01-12,Store_Bangalore,Laptop,Electronics,26.3,45000.0,1183666.48,RandomForest
162,2025-01-13,Store_Bangalore,Laptop,Electronics,20.84,45000.0,937926.52,RandomForest
163,2025-01-14,Store_Bangalore,Laptop,Electronics,21.39,45000.0,962617.35,RandomForest
164,2025-01-15,Store_Bangalore,Laptop,Electronics,21.39,45000.0,962617.35,RandomForest
165,2025-01-16,Store_Bangalore,Laptop,Electronics,21.39,45000.0,962617.35,RandomForest
166,2025-01-17,Store_Bangalore,Laptop,Electronics,21.39,45000.0,962617.35,RandomForest
167,2025-01-18,Store_Bangalore,Laptop,Electronics,27.23,45000.0,1225455.64,RandomForest
168,2025-01-19,Store_Bangalore,Laptop,Electronics,26.46,45000.0,1190664.68,RandomForest
169,2025-01-20,Store_Bangalore,Laptop,Electronics,20.84,45000.0,937926.52,RandomForest
170,2025-01-21,Store_Bangalore,Laptop,Electronics,21.43,45000.0,964358.85,RandomForest
171,2025-01-22,Store_Bangalore,Laptop,Electronics,21.43,45000.0,964358.85,RandomForest
172,2025-01-23,Store_Bangalore,Laptop,Electronics,21.34,45000.0,960343.01,RandomForest
173,2025-01-24,Store_Bangalore,Laptop,Electronics,21.34,45000.0,960343.01,RandomForest
174,2025-01-25,Store_Bangalore,Laptop,Electronics,27.19,45000.0,1223355.36,RandomForest
175,2025-01-26,Store_Bangalore,Laptop,Electronics,26.57,45000.0,1195797.01,RandomForest
176,2025-01-27,Store_Bangalore,Laptop,Electronics,20.79,45000.0,935652.18,RandomForest
177,2025-01-28,Store_Bangalore,Laptop,Electronics,21.2,45000.0,953827.69,RandomForest
178,2025-01-29,Store_Bangalore,Laptop,Electronics,21.2,45000.0,953827.69,RandomForest
179,2025-01-30,Store_Bangalore,Laptop,Electronics,17.66,45000.0,794763.34,RandomForest
180,2025-01-01,Store_Bangalore,Men T-Shirt,Clothing,91.02,599.0,54518.72,RandomForest
181,2025-01-02,Store_Bangalore,Men T-Shirt,Clothing,91.92,599.0,55060.89,RandomForest
182,2025-01-03,Store_Bangalore,Men T-Shirt,Clothing,91.92,599.0,55060.89,RandomForest
183,2025-01-04,Store_Bangalore,Men T-Shirt,Clothing,116.04,599.0,69509.15,RandomForest
184,2025-01-05,Store_Bangalore,Men T-Shirt,Clothing,115.13,599.0,68961.6,RandomForest
185,2025-01-06,Store_Bangalore,Men T-Shirt,Clothing,92.29,599.0,55284.19,RandomForest
186,2025-01-07,Store_Bangalore,Men T-Shirt,Clothing,93.39,599.0,55938.56,RandomForest
187,2025-01-08,Store_Bangalore,Men T-Shirt,Clothing,93.55,599.0,56036.33,RandomForest
188,2025-01-09,Store_Bangalore,Men T-Shirt,Clothing,93.42,599.0,55959.21,RandomForest
189,2025-01-10,Store_Bangalore,Men T-Shirt,Clothing,93.86,599.0,56219.81,RandomForest
190,2025-01-11,Store_Bangalore,Men T-Shirt,Clothing,116.2,599.0,69604.58,RandomForest
191,2025-01-12,Store_Bangalore,Men T-Shirt,Clothing,115.13,599.0,68962.69,RandomForest
192,2025-01-13,Store_Bangalore,Men T-Shirt,Clothing,92.89,599.0,55639.03,RandomForest
193,2025-01-14,Store_Bangalore,Men T-Shirt,Clothing,93.88,599.0,56233.04,RandomForest
194,2025-01-15,Store_Bangalore,Men T-Shirt,Clothing,93.88,599.0,56233.04,RandomForest
195,2025-01-16,Store_Bangalore,Men T-Shirt,Clothing,93.75,599.0,56155.93,RandomForest
196,2025-01-17,Store_Bangalore,Men T-Shirt,Clothing,93.75,599.0,56155.93,RandomForest
197,2025-01-18,Store_Bangalore,Men T-Shirt,Clothing,116.36,599.0,69697.73,RandomForest
198,2025-01-19,Store_Bangalore,Men T-Shirt,Clothing,115.29,599.0,69055.84,RandomForest
199,2025-01-20,Store_Bangalore,Men T-Shirt,Clothing,92.89,599.0,55639.03,RandomForest
200,2025-01-21,Store_Bangalore,Men T-Shirt,Clothing,93.92,599.0,56256.22,RandomForest
201,2025-01-22,Store_Bangalore,Men T-Shirt,Clothing,93.92,599.0,56256.22,RandomForest
202,2025-01-23,Store_Bangalore,Men T-Shirt,Clothing,93.79,599.0,56179.1,RandomForest
203,2025-01-24,Store_Bangalore,Men T-Shirt,Clothing,93.79,599.0,56179.1,RandomForest
204,2025-01-25,Store_Bangalore,Men T-Shirt,Clothing,116.4,599.0,69723.22,RandomForest
205,2025-01-26,Store_Bangalore,Men T-Shirt,Clothing,115.49,599.0,69177.6,RandomForest
206,2025-01-27,Store_Bangalore,Men T-Shirt,Clothing,92.93,599.0,55662.2,RandomForest
207,2025-01-28,Store_Bangalore,Men T-Shirt,Clothing,93.92,599.0,56256.22,RandomForest
208,2025-01-29,Store_Bangalore,Men T-Shirt,Clothing,93.07,599.0,55746.43,RandomForest
209,2025-01-30,Store_Bangalore,Men T-Shirt,Clothing,88.1,599.0,52772.16,RandomForest
210,2025-01-01,Store_Bangalore,Mixer Grinder,Home & Kitchen,21.25,3500.0,74382.95,RandomForest
211,2025-01-02,Store_Bangalore,Mixer Grinder,Home & Kitchen,21.42,3500.0,74963.48,RandomForest
212,2025-01-03,Store_Bangalore,Mixer Grinder,Home & Kitchen,21.42,3500.0,74963.48,RandomForest
213,2025-01-04,Store_Bangalore,Mixer Grinder,Home & Kitchen,28.82,3500.0,100885.19,RandomForest
214,2025-01-05,Store_Bangalore,Mixer Grinder,Home & Kitchen,28.51,3500.0,99785.3,RandomForest
215,2025-01-06,Store_Bangalore,Mixer Grinder,Home & Kitchen,22.24,3500.0,77836.43,RandomForest
216,2025-01-07,Store_Bangalore,Mixer Grinder,Home & Kitchen,23.04,3500.0,80645.26,RandomForest
217,2025-01-08,Store_Bangalore,Mixer Grinder,Home & Kitchen,23.2,3500.0,81216.57,RandomForest
218,2025-01-09,Store_Bangalore,Mixer Grinder,Home & Kitchen,23.2,3500.0,81216.57,RandomForest
219,2025-01-10,Store_Bangalore,Mixer Grinder,Home & Kitchen,22.89,3500.0,80126.23,RandomForest
220,2025-01-11,Store_Bangalore,Mixer Grinder,Home & Kitchen,29.53,3500.0,103364.45,RandomForest
221,2025-01-12,Store_Bangalore,Mixer Grinder,Home & Kitchen,28.76,3500.0,100658.49,RandomForest
222,2025-01-13,Store_Bangalore,Mixer Grinder,Home & Kitchen,22.5,3500.0,78750.13,RandomForest
223,2025-01-14,Store_Bangalore,Mixer Grinder,Home & Kitchen,23.05,3500.0,80670.53,RandomForest
224,2025-01-15,Store_Bangalore,Mixer Grinder,Home & Kitchen,23.05,3500.0,80670.53,RandomForest
225,2025-01-16,Store_Bangalore,Mixer Grinder,Home & Kitchen,23.05,3500.0,80670.53,RandomForest
226,2025-01-17,Store_Bangalore,Mixer Grinder,Home & Kitchen,23.05,3500.0,80670.53,RandomForest
227,2025-01-18,Store_Bangalore,Mixer Grinder,Home & Kitchen,29.69,3500.0,103908.75,RandomForest
228,2025-01-19,Store_Bangalore,Mixer Grinder,Home & Kitchen,28.92,3500.0,101202.79,RandomForest
229,2025-01-20,Store_Bangalore,Mixer Grinder,Home & Kitchen,22.5,3500.0,78750.13,RandomForest
230,2025-01-21,Store_Bangalore,Mixer Grinder,Home & Kitchen,23.09,3500.0,80805.98,RandomForest
231,2025-01-22,Store_Bangalore,Mixer Grinder,Home & Kitchen,23.09,3500.0,80805.98,RandomForest
232,2025-01-23,Store_Bangalore,Mixer Grinder,Home & Kitchen,23.0,3500.0,80493.64,RandomForest
233,2025-01-24,Store_Bangalore,Mixer Grinder,Home & Kitchen,23.0,3500.0,80493.64,RandomForest
234,2025-01-25,Store_Bangalore,Mixer Grinder,Home & Kitchen,29.64,3500.0,103745.4,RandomForest
235,2025-01-26,Store_Bangalore,Mixer Grinder,Home & Kitchen,29.03,3500.0,101601.97,RandomForest
236,2025-01-27,Store_Bangalore,Mixer Grinder,Home & Kitchen,22.45,3500.0,78573.24,RandomForest
237,2025-01-28,Store_Bangalore,Mixer Grinder,Home & Kitchen,22.85,3500.0,79986.89,RandomForest
238,2025-01-29,Store_Bangalore,Mixer Grinder,Home & Kitchen,22.85,3500.0,79986.89,RandomForest
239,2025-01-30,Store_Bangalore,Mixer Grinder,Home & Kitchen,19.32,3500.0,67615.22,RandomForest
240,2025-01-01,Store_Bangalore,Moisturizer,Personal Care,102.62,250.0,25654.94,RandomForest
241,2025-01-02,Store_Bangalore,Moisturizer,Personal Care,102.8,250.0,25700.88,RandomForest
242,2025-01-03,Store_Bangalore,Moisturizer,Personal Care,104.09,250.0,26023.04,RandomForest
243,2025-01-04,Store_Bangalore,Moisturizer,Personal Care,134.62,250.0,33655.96,RandomForest
244,2025-01-05,Store_Bangalore,Moisturizer,Personal Care,133.58,250.0,33395.32,RandomForest
245,2025-01-06,Store_Bangalore,Moisturizer,Personal Care,106.59,250.0,26648.18,RandomForest
246,2025-01-07,Store_Bangalore,Moisturizer,Personal Care,108.26,250.0,27065.53,RandomForest
247,2025-01-08,Store_Bangalore,Moisturizer,Personal Care,108.43,250.0,27106.34,RandomForest
248,2025-01-09,Store_Bangalore,Moisturizer,Personal Care,108.3,250.0,27074.15,RandomForest
249,2025-01-10,Store_Bangalore,Moisturizer,Personal Care,108.73,250.0,27182.91,RandomForest
250,2025-01-11,Store_Bangalore,Moisturizer,Personal Care,135.05,250.0,33761.33,RandomForest
251,2025-01-12,Store_Bangalore,Moisturizer,Personal Care,133.85,250.0,33461.32,RandomForest
252,2025-01-13,Store_Bangalore,Moisturizer,Personal Care,107.45,250.0,26861.81,RandomForest
253,2025-01-14,Store_Bangalore,Moisturizer,Personal Care,109.02,250.0,27253.98,RandomForest
254,2025-01-15,Store_Bangalore,Moisturizer,Personal Care,109.02,250.0,27253.98,RandomForest
255,2025-01-16,Store_Bangalore,Moisturizer,Personal Care,108.89,250.0,27221.79,RandomForest
256,2025-01-17,Store_Bangalore,Moisturizer,Personal Care,108.89,250.0,27221.79,RandomForest
257,2025-01-18,Store_Bangalore,Moisturizer,Personal Care,135.2,250.0,33800.21,RandomForest
258,2025-01-19,Store_Bangalore,Moisturizer,Personal Care,134.0,250.0,33500.19,RandomForest
259,2025-01-20,Store_Bangalore,Moisturizer,Personal Care,107.45,250.0,26861.81,RandomForest
260,2025-01-21,Store_Bangalore,Moisturizer,Personal Care,109.05,250.0,27263.65,RandomForest
261,2025-01-22,Store_Bangalore,Moisturizer,Personal Care,109.05,250.0,27263.65,RandomForest
262,2025-01-23,Store_Bangalore,Moisturizer,Personal Care,108.93,250.0,27231.46,RandomForest
263,2025-01-24,Store_Bangalore,Moisturizer,Personal Care,108.93,250.0,27231.46,RandomForest
264,2025-01-25,Store_Bangalore,Moisturizer,Personal Care,135.24,250.0,33810.85,RandomForest
265,2025-01-26,Store_Bangalore,Moisturizer,Personal Care,134.2,250.0,33551.02,RandomForest
266,2025-01-27,Store_Bangalore,Moisturizer,Personal Care,107.49,250.0,26871.48,RandomForest
267,2025-01-28,Store_Bangalore,Moisturizer,Personal Care,109.05,250.0,27263.65,RandomForest
268,2025-01-29,Store_Bangalore,Moisturizer,Personal Care,109.05,250.0,27263.65,RandomForest
269,2025-01-30,Store_Bangalore,Moisturizer,Personal Care,104.09,250.0,26022.3,RandomForest
270,2025-01-01,Store_Bangalore,Non-Stick Pan,Home & Kitchen,51.64,800.0,41313.49,RandomForest
271,2025-01-02,Store_Bangalore,Non-Stick Pan,Home & Kitchen,51.81,800.0,41446.18,RandomForest
272,2025-01-03,Store_Bangalore,Non-Stick Pan,Home & Kitchen,51.81,800.0,41446.18,RandomForest
273,2025-01-04,Store_Bangalore,Non-Stick Pan,Home & Kitchen,64.14,800.0,51314.39,RandomForest
274,2025-01-05,Store_Bangalore,Non-Stick Pan,Home & Kitchen,63.53,800.0,50821.86,RandomForest
275,2025-01-06,Store_Bangalore,Non-Stick Pan,Home & Kitchen,51.69,800.0,41351.71,RandomForest
276,2025-01-07,Store_Bangalore,Non-Stick Pan,Home & Kitchen,52.97,800.0,42376.07,RandomForest
277,2025-01-08,Store_Bangalore,Non-Stick Pan,Home & Kitchen,53.13,800.0,42506.65,RandomForest
278,2025-01-09,Store_Bangalore,Non-Stick Pan,Home & Kitchen,53.13,800.0,42506.65,RandomForest
279,2025-01-10,Store_Bangalore,Non-Stick Pan,Home & Kitchen,52.82,800.0,42257.43,RandomForest
280,2025-01-11,Store_Bangalore,Non-Stick Pan,Home & Kitchen,64.39,800.0,51512.27,RandomForest
281,2025-01-12,Store_Bangalore,Non-Stick Pan,Home & Kitchen,63.62,800.0,50893.75,RandomForest
282,2025-01-13,Store_Bangalore,Non-Stick Pan,Home & Kitchen,51.8,800.0,41438.08,RandomForest
283,2025-01-14,Store_Bangalore,Non-Stick Pan,Home & Kitchen,52.98,800.0,42381.84,RandomForest
284,2025-01-15,Store_Bangalore,Non-Stick Pan,Home & Kitchen,52.88,800.0,42302.21,RandomForest
285,2025-01-16,Store_Bangalore,Non-Stick Pan,Home & Kitchen,52.88,800.0,42302.21,RandomForest
286,2025-01-17,Store_Bangalore,Non-Stick Pan,Home & Kitchen,52.88,800.0,42302.21,RandomForest
287,2025-01-18,Store_Bangalore,Non-Stick Pan,Home & Kitchen,64.45,800.0,51557.04,RandomForest
288,2025-01-19,Store_Bangalore,Non-Stick Pan,Home & Kitchen,63.67,800.0,50938.53,RandomForest
289,2025-01-20,Store_Bangalore,Non-Stick Pan,Home & Kitchen,51.7,800.0,41358.45,RandomForest
290,2025-01-21,Store_Bangalore,Non-Stick Pan,Home & Kitchen,52.92,800.0,42333.17,RandomForest
291,2025-01-22,Store_Bangalore,Non-Stick Pan,Home & Kitchen,52.92,800.0,42333.17,RandomForest
292,2025-01-23,Store_Bangalore,Non-Stick Pan,Home & Kitchen,52.92,800.0,42333.17,RandomForest
293,2025-01-24,Store_Bangalore,Non-Stick Pan,Home & Kitchen,52.92,800.0,42333.17,RandomForest
294,2025-01-25,Store_Bangalore,Non-Stick Pan,Home & Kitchen,64.49,800.0,51591.09,RandomForest
295,2025-01-26,Store_Bangalore,Non-Stick Pan,Home & Kitchen,63.88,800.0,51101.17,RandomForest
296,2025-01-27,Store_Bangalore,Non-Stick Pan,Home & Kitchen,51.74,800.0,41389.41,RandomForest
297,2025-01-28,Store_Bangalore,Non-Stick Pan,Home & Kitchen,52.77,800.0,42217.34,RandomForest
298,2025-01-29,Store_Bangalore,Non-Stick Pan,Home & Kitchen,51.92,800.0,41536.48,RandomForest
299,2025-01-30,Store_Bangalore,Non-Stick Pan,Home & Kitchen,48.03,800.0,38423.07,RandomForest
300,2025-01-01,Store_Bangalore,Pressure Cooker,Home & Kitchen,32.39,1500.0,48587.86,RandomForest
301,2025-01-02,Store_Bangalore,Pressure Cooker,Home & Kitchen,32.56,1500.0,48836.66,RandomForest
302,2025-01-03,Store_Bangalore,Pressure Cooker,Home & Kitchen,32.56,1500.0,48836.66,RandomForest
303,2025-01-04,Store_Bangalore,Pressure Cooker,Home & Kitchen,41.1,1500.0,61655.63,RandomForest
304,2025-01-05,Store_Bangalore,Pressure Cooker,Home & Kitchen,40.49,1500.0,60732.14,RandomForest
305,2025-01-06,Store_Bangalore,Pressure Cooker,Home & Kitchen,33.66,1500.0,50484.43,RandomForest
306,2025-01-07,Store_Bangalore,Pressure Cooker,Home & Kitchen,34.37,1500.0,51556.48,RandomForest
307,2025-01-08,Store_Bangalore,Pressure Cooker,Home & Kitchen,34.53,1500.0,51801.33,RandomForest
308,2025-01-09,Store_Bangalore,Pressure Cooker,Home & Kitchen,34.53,1500.0,51801.33,RandomForest
309,2025-01-10,Store_Bangalore,Pressure Cooker,Home & Kitchen,34.22,1500.0,51334.03,RandomForest
310,2025-01-11,Store_Bangalore,Pressure Cooker,Home & Kitchen,42.0,1500.0,63002.94,RandomForest
311,2025-01-12,Store_Bangalore,Pressure Cooker,Home & Kitchen,41.23,1500.0,61843.23,RandomForest
312,2025-01-13,Store_Bangalore,Pressure Cooker,Home & Kitchen,33.76,1500.0,50646.37,RandomForest
313,2025-01-14,Store_Bangalore,Pressure Cooker,Home & Kitchen,34.38,1500.0,51567.3,RandomForest
314,2025-01-15,Store_Bangalore,Pressure Cooker,Home & Kitchen,34.38,1500.0,51567.3,RandomForest
315,2025-01-16,Store_Bangalore,Pressure Cooker,Home & Kitchen,34.38,1500.0,51567.3,RandomForest
316,2025-01-17,Store_Bangalore,Pressure Cooker,Home & Kitchen,34.38,1500.0,51567.3,RandomForest
317,2025-01-18,Store_Bangalore,Pressure Cooker,Home & Kitchen,42.16,1500.0,63236.21,RandomForest
318,2025-01-19,Store_Bangalore,Pressure Cooker,Home & Kitchen,41.38,1500.0,62076.5,RandomForest
319,2025-01-20,Store_Bangalore,Pressure Cooker,Home & Kitchen,33.76,1500.0,50646.37,RandomForest
320,2025-01-21,Store_Bangalore,Pressure Cooker,Home & Kitchen,34.42,1500.0,51625.35,RandomForest
321,2025-01-22,Store_Bangalore,Pressure Cooker,Home & Kitchen,34.42,1500.0,51625.35,RandomForest
322,2025-01-23,Store_Bangalore,Pressure Cooker,Home & Kitchen,34.42,1500.0,51625.35,RandomForest
323,2025-01-24,Store_Bangalore,Pressure Cooker,Home & Kitchen,34.42,1500.0,51625.35,RandomForest
324,2025-01-25,Store_Bangalore,Pressure Cooker,Home & Kitchen,42.2,1500.0,63300.06,RandomForest
325,2025-01-26,Store_Bangalore,Pressure Cooker,Home & Kitchen,41.59,1500.0,62381.45,RandomForest
326,2025-01-27,Store_Bangalore,Pressure Cooker,Home & Kitchen,33.8,1500.0,50704.42,RandomForest
327,2025-01-28,Store_Bangalore,Pressure Cooker,Home & Kitchen,34.27,1500.0,51408.17,RandomForest
328,2025-01-29,Store_Bangalore,Pressure Cooker,Home & Kitchen,34.27,1500.0,51408.17,RandomForest
329,2025-01-30,Store_Bangalore,Pressure Cooker,Home & Kitchen,30.38,1500.0,45570.55,RandomForest
330,2025-01-01,Store_Bangalore,Rice (5kg),Grocery,197.74,250.0,49433.98,RandomForest
331,2025-01-02,Store_Bangalore,Rice (5kg),Grocery,196.43,250.0,49107.89,RandomForest
332,2025-01-03,Store_Bangalore,Rice (5kg),Grocery,200.39,250.0,50098.38,RandomForest
333,2025-01-04,Store_Bangalore,Rice (5kg),Grocery,249.98,250.0,62494.29,RandomForest
334,2025-01-05,Store_Bangalore,Rice (5kg),Grocery,247.67,250.0,61918.17,RandomForest
335,2025-01-06,Store_Bangalore,Rice (5kg),Grocery,201.55,250.0,50386.9,RandomForest
336,2025-01-07,Store_Bangalore,Rice (5kg),Grocery,201.97,250.0,50492.98,RandomForest
337,2025-01-08,Store_Bangalore,Rice (5kg),Grocery,202.14,250.0,50533.79,RandomForest
338,2025-01-09,Store_Bangalore,Rice (5kg),Grocery,201.95,250.0,50486.62,RandomForest
339,2025-01-10,Store_Bangalore,Rice (5kg),Grocery,205.47,250.0,51366.54,RandomForest
340,2025-01-11,Store_Bangalore,Rice (5kg),Grocery,253.2,250.0,63300.3,RandomForest
341,2025-01-12,Store_Bangalore,Rice (5kg),Grocery,250.74,250.0,62684.81,RandomForest
342,2025-01-13,Store_Bangalore,Rice (5kg),Grocery,206.48,250.0,51621.15,RandomForest
343,2025-01-14,Store_Bangalore,Rice (5kg),Grocery,206.81,250.0,51702.05,RandomForest
344,2025-01-15,Store_Bangalore,Rice (5kg),Grocery,206.81,250.0,51702.05,RandomForest
345,2025-01-16,Store_Bangalore,Rice (5kg),Grocery,206.32,250.0,51580.74,RandomForest
346,2025-01-17,Store_Bangalore,Rice (5kg),Grocery,206.32,250.0,51580.74,RandomForest
347,2025-01-18,Store_Bangalore,Rice (5kg),Grocery,254.06,250.0,63514.52,RandomForest
348,2025-01-19,Store_Bangalore,Rice (5kg),Grocery,251.6,250.0,62899.02,RandomForest
349,2025-01-20,Store_Bangalore,Rice (5kg),Grocery,207.19,250.0,51796.47,RandomForest
350,2025-01-21,Store_Bangalore,Rice (5kg),Grocery,207.36,250.0,51840.88,RandomForest
351,2025-01-22,Store_Bangalore,Rice (5kg),Grocery,207.36,250.0,51840.88,RandomForest
352,2025-01-23,Store_Bangalore,Rice (5kg),Grocery,206.18,250.0,51544.25,RandomForest
353,2025-01-24,Store_Bangalore,Rice (5kg),Grocery,206.18,250.0,51544.25,RandomForest
354,2025-01-25,Store_Bangalore,Rice (5kg),Grocery,253.62,250.0,63405.08,RandomForest
355,2025-01-26,Store_Bangalore,Rice (5kg),Grocery,251.69,250.0,62921.41,RandomForest
356,2025-01-27,Store_Bangalore,Rice (5kg),Grocery,207.41,250.0,51851.63,RandomForest
357,2025-01-28,Store_Bangalore,Rice (5kg),Grocery,207.73,250.0,51932.53,RandomForest
358,2025-01-29,Store_Bangalore,Rice (5kg),Grocery,207.73,250.0,51932.53,RandomForest
359,2025-01-30,Store_Bangalore,Rice (5kg),Grocery,200.83,250.0,50208.65,RandomForest
360,2025-01-01,Store_Bangalore,Shampoo (200ml),Personal Care,158.2,180.0,28476.09,RandomForest
361,2025-01-02,Store_Bangalore,Shampoo (200ml),Personal Care,159.11,180.0,28639.01,RandomForest
362,2025-01-03,Store_Bangalore,Shampoo (200ml),Personal Care,161.34,180.0,29041.77,RandomForest
363,2025-01-04,Store_Bangalore,Shampoo (200ml),Personal Care,208.13,180.0,37462.8,RandomForest
364,2025-01-05,Store_Bangalore,Shampoo (200ml),Personal Care,206.12,180.0,37100.87,RandomForest
365,2025-01-06,Store_Bangalore,Shampoo (200ml),Personal Care,164.5,180.0,29610.07,RandomForest
366,2025-01-07,Store_Bangalore,Shampoo (200ml),Personal Care,168.77,180.0,30377.99,RandomForest
367,2025-01-08,Store_Bangalore,Shampoo (200ml),Personal Care,168.93,180.0,30407.38,RandomForest
368,2025-01-09,Store_Bangalore,Shampoo (200ml),Personal Care,168.8,180.0,30384.2,RandomForest
369,2025-01-10,Store_Bangalore,Shampoo (200ml),Personal Care,169.82,180.0,30567.96,RandomForest
370,2025-01-11,Store_Bangalore,Shampoo (200ml),Personal Care,208.55,180.0,37538.66,RandomForest
371,2025-01-12,Store_Bangalore,Shampoo (200ml),Personal Care,206.38,180.0,37148.38,RandomForest
372,2025-01-13,Store_Bangalore,Shampoo (200ml),Personal Care,165.94,180.0,29869.34,RandomForest
373,2025-01-14,Store_Bangalore,Shampoo (200ml),Personal Care,170.11,180.0,30619.13,RandomForest
374,2025-01-15,Store_Bangalore,Shampoo (200ml),Personal Care,170.11,180.0,30619.13,RandomForest
375,2025-01-16,Store_Bangalore,Shampoo (200ml),Personal Care,169.98,180.0,30595.96,RandomForest
376,2025-01-17,Store_Bangalore,Shampoo (200ml),Personal Care,169.98,180.0,30595.96,RandomForest
377,2025-01-18,Store_Bangalore,Shampoo (200ml),Personal Care,209.09,180.0,37636.84,RandomForest
378,2025-01-19,Store_Bangalore,Shampoo (200ml),Personal Care,206.93,180.0,37246.56,RandomForest
379,2025-01-20,Store_Bangalore,Shampoo (200ml),Personal Care,166.33,180.0,29939.52,RandomForest
380,2025-01-21,Store_Bangalore,Shampoo (200ml),Personal Care,170.61,180.0,30709.21,RandomForest
381,2025-01-22,Store_Bangalore,Shampoo (200ml),Personal Care,170.61,180.0,30709.21,RandomForest
382,2025-01-23,Store_Bangalore,Shampoo (200ml),Personal Care,170.48,180.0,30686.04,RandomForest
383,2025-01-24,Store_Bangalore,Shampoo (200ml),Personal Care,170.48,180.0,30686.04,RandomForest
384,2025-01-25,Store_Bangalore,Shampoo (200ml),Personal Care,209.94,180.0,37789.46,RandomForest
385,2025-01-26,Store_Bangalore,Shampoo (200ml),Personal Care,207.93,180.0,37428.11,RandomForest
386,2025-01-27,Store_Bangalore,Shampoo (200ml),Personal Care,166.44,180.0,29959.42,RandomForest
387,2025-01-28,Store_Bangalore,Shampoo (200ml),Personal Care,170.61,180.0,30709.21,RandomForest
388,2025-01-29,Store_Bangalore,Shampoo (200ml),Personal Care,170.61,180.0,30709.21,RandomForest
389,2025-01-30,Store_Bangalore,Shampoo (200ml),Personal Care,160.5,180.0,28890.68,RandomForest
390,2025-01-01,Store_Bangalore,Smart Watch,Electronics,54.69,8000.0,437556.03,RandomForest
391,2025-01-02,Store_Bangalore,Smart Watch,Electronics,55.65,8000.0,445230.74,RandomForest
392,2025-01-03,Store_Bangalore,Smart Watch,Electronics,56.23,8000.0,449831.15,RandomForest
393,2025-01-04,Store_Bangalore,Smart Watch,Electronics,72.51,8000.0,580061.1,RandomForest
394,2025-01-05,Store_Bangalore,Smart Watch,Electronics,71.02,8000.0,568198.79,RandomForest
395,2025-01-06,Store_Bangalore,Smart Watch,Electronics,58.0,8000.0,464017.18,RandomForest
396,2025-01-07,Store_Bangalore,Smart Watch,Electronics,60.78,8000.0,486257.39,RandomForest
397,2025-01-08,Store_Bangalore,Smart Watch,Electronics,60.95,8000.0,487563.23,RandomForest
398,2025-01-09,Store_Bangalore,Smart Watch,Electronics,60.82,8000.0,486533.26,RandomForest
399,2025-01-10,Store_Bangalore,Smart Watch,Electronics,61.25,8000.0,490013.7,RandomForest
400,2025-01-11,Store_Bangalore,Smart Watch,Electronics,74.88,8000.0,599030.58,RandomForest
401,2025-01-12,Store_Bangalore,Smart Watch,Electronics,72.94,8000.0,583497.19,RandomForest
402,2025-01-13,Store_Bangalore,Smart Watch,Electronics,59.91,8000.0,479240.2,RandomForest
403,2025-01-14,Store_Bangalore,Smart Watch,Electronics,61.54,8000.0,492287.78,RandomForest
404,2025-01-15,Store_Bangalore,Smart Watch,Electronics,61.44,8000.0,491491.46,RandomForest
405,2025-01-16,Store_Bangalore,Smart Watch,Electronics,61.31,8000.0,490461.49,RandomForest
406,2025-01-17,Store_Bangalore,Smart Watch,Electronics,61.31,8000.0,490461.49,RandomForest
407,2025-01-18,Store_Bangalore,Smart Watch,Electronics,74.93,8000.0,599478.33,RandomForest
408,2025-01-19,Store_Bangalore,Smart Watch,Electronics,72.99,8000.0,583944.95,RandomForest
409,2025-01-20,Store_Bangalore,Smart Watch,Electronics,59.81,8000.0,478443.88,RandomForest
410,2025-01-21,Store_Bangalore,Smart Watch,Electronics,61.48,8000.0,491801.06,RandomForest
411,2025-01-22,Store_Bangalore,Smart Watch,Electronics,61.48,8000.0,491801.06,RandomForest
412,2025-01-23,Store_Bangalore,Smart Watch,Electronics,61.35,8000.0,490771.09,RandomForest
413,2025-01-24,Store_Bangalore,Smart Watch,Electronics,61.35,8000.0,490771.09,RandomForest
414,2025-01-25,Store_Bangalore,Smart Watch,Electronics,74.98,8000.0,599818.79,RandomForest
415,2025-01-26,Store_Bangalore,Smart Watch,Electronics,73.2,8000.0,585571.17,RandomForest
416,2025-01-27,Store_Bangalore,Smart Watch,Electronics,59.84,8000.0,478753.48,RandomForest
417,2025-01-28,Store_Bangalore,Smart Watch,Electronics,61.18,8000.0,489407.41,RandomForest
418,2025-01-29,Store_Bangalore,Smart Watch,Electronics,60.96,8000.0,487650.39,RandomForest
419,2025-01-30,Store_Bangalore,Smart Watch,Electronics,56.94,8000.0,455486.27,RandomForest
420,2025-01-01,Store_Bangalore,Smartphone,Electronics,44.17,15000.0,662484.34,RandomForest
421,2025-01-02,Store_Bangalore,Smartphone,Electronics,45.11,15000.0,676605.78,RandomForest
422,2025-01-03,Store_Bangalore,Smartphone,Electronics,45.68,15000.0,685231.53,RandomForest
423,2025-01-04,Store_Bangalore,Smartphone,Electronics,60.33,15000.0,904982.3,RandomForest
424,2025-01-05,Store_Bangalore,Smartphone,Electronics,60.02,15000.0,900268.42,RandomForest
425,2025-01-06,Store_Bangalore,Smartphone,Electronics,49.1,15000.0,736558.34,RandomForest
426,2025-01-07,Store_Bangalore,Smartphone,Electronics,50.19,15000.0,752888.89,RandomForest
427,2025-01-08,Store_Bangalore,Smartphone,Electronics,50.36,15000.0,755337.35,RandomForest
428,2025-01-09,Store_Bangalore,Smartphone,Electronics,50.36,15000.0,755337.35,RandomForest
429,2025-01-10,Store_Bangalore,Smartphone,Electronics,50.79,15000.0,761863.17,RandomForest
430,2025-01-11,Store_Bangalore,Smartphone,Electronics,62.57,15000.0,938537.81,RandomForest
431,2025-01-12,Store_Bangalore,Smartphone,Electronics,61.8,15000.0,926940.77,RandomForest
432,2025-01-13,Store_Bangalore,Smartphone,Electronics,50.11,15000.0,751672.95,RandomForest
433,2025-01-14,Store_Bangalore,Smartphone,Electronics,50.95,15000.0,764195.88,RandomForest
434,2025-01-15,Store_Bangalore,Smartphone,Electronics,50.95,15000.0,764195.88,RandomForest
435,2025-01-16,Store_Bangalore,Smartphone,Electronics,50.95,15000.0,764195.88,RandomForest
436,2025-01-17,Store_Bangalore,Smartphone,Electronics,50.95,15000.0,764195.88,RandomForest
437,2025-01-18,Store_Bangalore,Smartphone,Electronics,62.72,15000.0,940870.51,RandomForest
438,2025-01-19,Store_Bangalore,Smartphone,Electronics,61.95,15000.0,929273.47,RandomForest
439,2025-01-20,Store_Bangalore,Smartphone,Electronics,50.11,15000.0,751672.95,RandomForest
440,2025-01-21,Store_Bangalore,Smartphone,Electronics,50.99,15000.0,764776.38,RandomForest
441,2025-01-22,Store_Bangalore,Smartphone,Electronics,50.99,15000.0,764776.38,RandomForest
442,2025-01-23,Store_Bangalore,Smartphone,Electronics,50.99,15000.0,764776.38,RandomForest
443,2025-01-24,Store_Bangalore,Smartphone,Electronics,50.99,15000.0,764776.38,RandomForest
444,2025-01-25,Store_Bangalore,Smartphone,Electronics,62.77,15000.0,941509.04,RandomForest
445,2025-01-26,Store_Bangalore,Smartphone,Electronics,62.15,15000.0,932322.92,RandomForest
446,2025-01-27,Store_Bangalore,Smartphone,Electronics,50.15,15000.0,752253.46,RandomForest
447,2025-01-28,Store_Bangalore,Smartphone,Electronics,50.84,15000.0,762604.58,RandomForest
448,2025-01-29,Store_Bangalore,Smartphone,Electronics,50.62,15000.0,759310.17,RandomForest
449,2025-01-30,Store_Bangalore,Smartphone,Electronics,46.35,15000.0,695291.92,RandomForest
450,2025-01-01,Store_Bangalore,Sports Shoes,Clothing,44.86,1999.0,89667.02,RandomForest
451,2025-01-02,Store_Bangalore,Sports Shoes,Clothing,45.8,1999.0,91548.94,RandomForest
452,2025-01-03,Store_Bangalore,Sports Shoes,Clothing,45.8,1999.0,91548.94,RandomForest
453,2025-01-04,Store_Bangalore,Sports Shoes,Clothing,57.19,1999.0,114332.4,RandomForest
454,2025-01-05,Store_Bangalore,Sports Shoes,Clothing,56.58,1999.0,113101.7,RandomForest
455,2025-01-06,Store_Bangalore,Sports Shoes,Clothing,46.45,1999.0,92860.31,RandomForest
456,2025-01-07,Store_Bangalore,Sports Shoes,Clothing,47.73,1999.0,95419.93,RandomForest
457,2025-01-08,Store_Bangalore,Sports Shoes,Clothing,47.9,1999.0,95746.22,RandomForest
458,2025-01-09,Store_Bangalore,Sports Shoes,Clothing,47.9,1999.0,95746.22,RandomForest
459,2025-01-10,Store_Bangalore,Sports Shoes,Clothing,48.33,1999.0,96615.9,RandomForest
460,2025-01-11,Store_Bangalore,Sports Shoes,Clothing,58.22,1999.0,116374.29,RandomForest
461,2025-01-12,Store_Bangalore,Sports Shoes,Clothing,57.44,1999.0,114828.79,RandomForest
462,2025-01-13,Store_Bangalore,Sports Shoes,Clothing,47.31,1999.0,94568.54,RandomForest
463,2025-01-14,Store_Bangalore,Sports Shoes,Clothing,48.49,1999.0,96926.77,RandomForest
464,2025-01-15,Store_Bangalore,Sports Shoes,Clothing,48.39,1999.0,96727.8,RandomForest
465,2025-01-16,Store_Bangalore,Sports Shoes,Clothing,48.39,1999.0,96727.8,RandomForest
466,2025-01-17,Store_Bangalore,Sports Shoes,Clothing,48.39,1999.0,96727.8,RandomForest
467,2025-01-18,Store_Bangalore,Sports Shoes,Clothing,58.27,1999.0,116486.18,RandomForest
468,2025-01-19,Store_Bangalore,Sports Shoes,Clothing,57.5,1999.0,114940.68,RandomForest
469,2025-01-20,Store_Bangalore,Sports Shoes,Clothing,47.21,1999.0,94369.57,RandomForest
470,2025-01-21,Store_Bangalore,Sports Shoes,Clothing,48.43,1999.0,96805.16,RandomForest
471,2025-01-22,Store_Bangalore,Sports Shoes,Clothing,48.43,1999.0,96805.16,RandomForest
472,2025-01-23,Store_Bangalore,Sports Shoes,Clothing,48.43,1999.0,96805.16,RandomForest
473,2025-01-24,Store_Bangalore,Sports Shoes,Clothing,48.43,1999.0,96805.16,RandomForest
474,2025-01-25,Store_Bangalore,Sports Shoes,Clothing,58.31,1999.0,116571.27,RandomForest
475,2025-01-26,Store_Bangalore,Sports Shoes,Clothing,57.7,1999.0,115347.07,RandomForest
476,2025-01-27,Store_Bangalore,Sports Shoes,Clothing,47.25,1999.0,94446.93,RandomForest
477,2025-01-28,Store_Bangalore,Sports Shoes,Clothing,48.28,1999.0,96515.73,RandomForest
478,2025-01-29,Store_Bangalore,Sports Shoes,Clothing,48.28,1999.0,96515.73,RandomForest
479,2025-01-30,Store_Bangalore,Sports Shoes,Clothing,44.39,1999.0,88736.08,RandomForest
480,2025-01-01,Store_Bangalore,Toothpaste,Personal Care,307.49,80.0,24599.15,RandomForest
481,2025-01-02,Store_Bangalore,Toothpaste,Personal Care,303.31,80.0,24264.51,RandomForest
482,2025-01-03,Store_Bangalore,Toothpaste,Personal Care,308.83,80.0,24706.06,RandomForest
483,2025-01-04,Store_Bangalore,Toothpaste,Personal Care,388.48,80.0,31078.02,RandomForest
484,2025-01-05,Store_Bangalore,Toothpaste,Personal Care,397.5,80.0,31799.91,RandomForest
485,2025-01-06,Store_Bangalore,Toothpaste,Personal Care,312.3,80.0,24983.64,RandomForest
486,2025-01-07,Store_Bangalore,Toothpaste,Personal Care,310.04,80.0,24803.14,RandomForest
487,2025-01-08,Store_Bangalore,Toothpaste,Personal Care,310.05,80.0,24804.07,RandomForest
488,2025-01-09,Store_Bangalore,Toothpaste,Personal Care,313.15,80.0,25052.19,RandomForest
489,2025-01-10,Store_Bangalore,Toothpaste,Personal Care,315.61,80.0,25249.13,RandomForest
490,2025-01-11,Store_Bangalore,Toothpaste,Personal Care,388.76,80.0,31100.89,RandomForest
491,2025-01-12,Store_Bangalore,Toothpaste,Personal Care,397.63,80.0,31810.19,RandomForest
492,2025-01-13,Store_Bangalore,Toothpaste,Personal Care,317.77,80.0,25421.58,RandomForest
493,2025-01-14,Store_Bangalore,Toothpaste,Personal Care,320.57,80.0,25645.26,RandomForest
494,2025-01-15,Store_Bangalore,Toothpaste,Personal Care,320.57,80.0,25645.26,RandomForest
495,2025-01-16,Store_Bangalore,Toothpaste,Personal Care,319.18,80.0,25534.38,RandomForest
496,2025-01-17,Store_Bangalore,Toothpaste,Personal Care,319.18,80.0,25534.38,RandomForest
497,2025-01-18,Store_Bangalore,Toothpaste,Personal Care,390.81,80.0,31264.73,RandomForest
498,2025-01-19,Store_Bangalore,Toothpaste,Personal Care,399.68,80.0,31974.03,RandomForest
499,2025-01-20,Store_Bangalore,Toothpaste,Personal Care,321.34,80.0,25707.1,RandomForest
500,2025-01-21,Store_Bangalore,Toothpaste,Personal Care,320.79,80.0,25662.88,RandomForest
501,2025-01-22,Store_Bangalore,Toothpaste,Personal Care,320.79,80.0,25662.88,RandomForest
502,2025-01-23,Store_Bangalore,Toothpaste,Personal Care,318.28,80.0,25462.27,RandomForest
503,2025-01-24,Store_Bangalore,Toothpaste,Personal Care,318.28,80.0,25462.27,RandomForest
504,2025-01-25,Store_Bangalore,Toothpaste,Personal Care,392.39,80.0,31391.24,RandomForest
505,2025-01-26,Store_Bangalore,Toothpaste,Personal Care,404.86,80.0,32388.58,RandomForest
506,2025-01-27,Store_Bangalore,Toothpaste,Personal Care,320.44,80.0,25635.0,RandomForest
507,2025-01-28,Store_Bangalore,Toothpaste,Personal Care,320.79,80.0,25662.88,RandomForest
508,2025-01-29,Store_Bangalore,Toothpaste,Personal Care,320.61,80.0,25648.61,RandomForest
509,2025-01-30,Store_Bangalore,Toothpaste,Personal Care,327.14,80.0,26170.92,RandomForest
510,2025-01-01,Store_Bangalore,Water Bottle,Home & Kitchen,110.83,350.0,38789.87,RandomForest
511,2025-01-02,Store_Bangalore,Water Bottle,Home & Kitchen,109.06,350.0,38170.78,RandomForest
512,2025-01-03,Store_Bangalore,Water Bottle,Home & Kitchen,109.06,350.0,38170.78,RandomForest
513,2025-01-04,Store_Bangalore,Water Bottle,Home & Kitchen,137.31,350.0,48059.35,RandomForest
514,2025-01-05,Store_Bangalore,Water Bottle,Home & Kitchen,132.89,350.0,46510.94,RandomForest
515,2025-01-06,Store_Bangalore,Water Bottle,Home & Kitchen,108.32,350.0,37912.13,RandomForest
516,2025-01-07,Store_Bangalore,Water Bottle,Home & Kitchen,110.95,350.0,38831.42,RandomForest
517,2025-01-08,Store_Bangalore,Water Bottle,Home & Kitchen,110.18,350.0,38562.0,RandomForest
518,2025-01-09,Store_Bangalore,Water Bottle,Home & Kitchen,110.05,350.0,38516.94,RandomForest
519,2025-01-10,Store_Bangalore,Water Bottle,Home & Kitchen,109.92,350.0,38470.68,RandomForest
520,2025-01-11,Store_Bangalore,Water Bottle,Home & Kitchen,135.06,350.0,47269.71,RandomForest
521,2025-01-12,Store_Bangalore,Water Bottle,Home & Kitchen,131.96,350.0,46185.04,RandomForest
522,2025-01-13,Store_Bangalore,Water Bottle,Home & Kitchen,107.41,350.0,37594.38,RandomForest
523,2025-01-14,Store_Bangalore,Water Bottle,Home & Kitchen,109.39,350.0,38285.77,RandomForest
524,2025-01-15,Store_Bangalore,Water Bottle,Home & Kitchen,109.39,350.0,38285.77,RandomForest
525,2025-01-16,Store_Bangalore,Water Bottle,Home & Kitchen,109.26,350.0,38240.71,RandomForest
526,2025-01-17,Store_Bangalore,Water Bottle,Home & Kitchen,109.26,350.0,38240.71,RandomForest
527,2025-01-18,Store_Bangalore,Water Bottle,Home & Kitchen,134.66,350.0,47131.5,RandomForest
528,2025-01-19,Store_Bangalore,Water Bottle,Home & Kitchen,131.56,350.0,46046.83,RandomForest
529,2025-01-20,Store_Bangalore,Water Bottle,Home & Kitchen,107.41,350.0,37594.38,RandomForest
530,2025-01-21,Store_Bangalore,Water Bottle,Home & Kitchen,109.43,350.0,38299.32,RandomForest
531,2025-01-22,Store_Bangalore,Water Bottle,Home & Kitchen,109.43,350.0,38299.32,RandomForest
532,2025-01-23,Store_Bangalore,Water Bottle,Home & Kitchen,109.3,350.0,38254.26,RandomForest
533,2025-01-24,Store_Bangalore,Water Bottle,Home & Kitchen,109.3,350.0,38254.26,RandomForest
534,2025-01-25,Store_Bangalore,Water Bottle,Home & Kitchen,134.7,350.0,47146.4,RandomForest
535,2025-01-26,Store_Bangalore,Water Bottle,Home & Kitchen,131.77,350.0,46117.98,RandomForest
536,2025-01-27,Store_Bangalore,Water Bottle,Home & Kitchen,107.45,350.0,37607.92,RandomForest
537,2025-01-28,Store_Bangalore,Water Bottle,Home & Kitchen,109.1,350.0,38185.99,RandomForest
538,2025-01-29,Store_Bangalore,Water Bottle,Home & Kitchen,108.25,350.0,37888.12,RandomForest
539,2025-01-30,Store_Bangalore,Water Bottle,Home & Kitchen,101.72,350.0,35601.62,RandomForest
540,2025-01-01,Store_Bangalore,Wheat Flour (5kg),Grocery,213.99,200.0,42797.12,RandomForest
541,2025-01-02,Store_Bangalore,Wheat Flour (5kg),Grocery,210.91,200.0,42182.05,RandomForest
542,2025-01-03,Store_Bangalore,Wheat Flour (5kg),Grocery,216.43,200.0,43285.92,RandomForest
543,2025-01-04,Store_Bangalore,Wheat Flour (5kg),Grocery,286.37,200.0,57274.62,RandomForest
544,2025-01-05,Store_Bangalore,Wheat Flour (5kg),Grocery,285.92,200.0,57184.92,RandomForest
545,2025-01-06,Store_Bangalore,Wheat Flour (5kg),Grocery,217.16,200.0,43431.49,RandomForest
546,2025-01-07,Store_Bangalore,Wheat Flour (5kg),Grocery,215.27,200.0,43054.55,RandomForest
547,2025-01-08,Store_Bangalore,Wheat Flour (5kg),Grocery,215.45,200.0,43089.52,RandomForest
548,2025-01-09,Store_Bangalore,Wheat Flour (5kg),Grocery,218.49,200.0,43698.79,RandomForest
549,2025-01-10,Store_Bangalore,Wheat Flour (5kg),Grocery,218.92,200.0,43783.94,RandomForest
550,2025-01-11,Store_Bangalore,Wheat Flour (5kg),Grocery,286.27,200.0,57254.3,RandomForest
551,2025-01-12,Store_Bangalore,Wheat Flour (5kg),Grocery,285.92,200.0,57185.0,RandomForest
552,2025-01-13,Store_Bangalore,Wheat Flour (5kg),Grocery,219.76,200.0,43951.07,RandomForest
553,2025-01-14,Store_Bangalore,Wheat Flour (5kg),Grocery,222.1,200.0,44419.95,RandomForest
554,2025-01-15,Store_Bangalore,Wheat Flour (5kg),Grocery,222.1,200.0,44419.95,RandomForest
555,2025-01-16,Store_Bangalore,Wheat Flour (5kg),Grocery,221.4,200.0,44280.19,RandomForest
556,2025-01-17,Store_Bangalore,Wheat Flour (5kg),Grocery,221.4,200.0,44280.19,RandomForest
557,2025-01-18,Store_Bangalore,Wheat Flour (5kg),Grocery,288.75,200.0,57750.54,RandomForest
558,2025-01-19,Store_Bangalore,Wheat Flour (5kg),Grocery,288.41,200.0,57681.24,RandomForest
559,2025-01-20,Store_Bangalore,Wheat Flour (5kg),Grocery,222.08,200.0,44416.21,RandomForest
560,2025-01-21,Store_Bangalore,Wheat Flour (5kg),Grocery,220.73,200.0,44145.14,RandomForest
561,2025-01-22,Store_Bangalore,Wheat Flour (5kg),Grocery,220.73,200.0,44145.14,RandomForest
562,2025-01-23,Store_Bangalore,Wheat Flour (5kg),Grocery,219.33,200.0,43865.12,RandomForest
563,2025-01-24,Store_Bangalore,Wheat Flour (5kg),Grocery,219.33,200.0,43865.12,RandomForest
564,2025-01-25,Store_Bangalore,Wheat Flour (5kg),Grocery,288.05,200.0,57609.91,RandomForest
565,2025-01-26,Store_Bangalore,Wheat Flour (5kg),Grocery,291.38,200.0,58276.04,RandomForest
566,2025-01-27,Store_Bangalore,Wheat Flour (5kg),Grocery,222.53,200.0,44506.22,RandomForest
567,2025-01-28,Store_Bangalore,Wheat Flour (5kg),Grocery,223.25,200.0,44650.22,RandomForest
568,2025-01-29,Store_Bangalore,Wheat Flour (5kg),Grocery,223.25,200.0,44650.22,RandomForest
569,2025-01-30,Store_Bangalore,Wheat Flour (5kg),Grocery,229.81,200.0,45962.31,RandomForest
570,2025-01-01,Store_Bangalore,Women Kurti,Clothing,75.08,899.0,67492.98,RandomForest
571,2025-01-02,Store_Bangalore,Women Kurti,Clothing,76.76,899.0,69003.94,RandomForest
572,2025-01-03,Store_Bangalore,Women Kurti,Clothing,76.76,899.0,69003.94,RandomForest
573,2025-01-04,Store_Bangalore,Women Kurti,Clothing,96.76,899.0,86983.76,RandomForest
574,2025-01-05,Store_Bangalore,Women Kurti,Clothing,95.06,899.0,85456.42,RandomForest
575,2025-01-06,Store_Bangalore,Women Kurti,Clothing,78.9,899.0,70931.7,RandomForest
576,2025-01-07,Store_Bangalore,Women Kurti,Clothing,80.5,899.0,72373.87,RandomForest
577,2025-01-08,Store_Bangalore,Women Kurti,Clothing,80.67,899.0,72520.61,RandomForest
578,2025-01-09,Store_Bangalore,Women Kurti,Clothing,80.54,899.0,72404.87,RandomForest
579,2025-01-10,Store_Bangalore,Women Kurti,Clothing,80.97,899.0,72795.98,RandomForest
580,2025-01-11,Store_Bangalore,Women Kurti,Clothing,97.78,899.0,87902.06,RandomForest
581,2025-01-12,Store_Bangalore,Women Kurti,Clothing,95.92,899.0,86233.13,RandomForest
582,2025-01-13,Store_Bangalore,Women Kurti,Clothing,79.76,899.0,71699.93,RandomForest
583,2025-01-14,Store_Bangalore,Women Kurti,Clothing,81.26,899.0,73051.53,RandomForest
584,2025-01-15,Store_Bangalore,Women Kurti,Clothing,81.26,899.0,73051.53,RandomForest
585,2025-01-16,Store_Bangalore,Women Kurti,Clothing,81.13,899.0,72935.79,RandomForest
586,2025-01-17,Store_Bangalore,Women Kurti,Clothing,81.13,899.0,72935.79,RandomForest
587,2025-01-18,Store_Bangalore,Women Kurti,Clothing,97.93,899.0,88041.86,RandomForest
588,2025-01-19,Store_Bangalore,Women Kurti,Clothing,96.08,899.0,86372.94,RandomForest
589,2025-01-20,Store_Bangalore,Women Kurti,Clothing,79.76,899.0,71699.93,RandomForest
590,2025-01-21,Store_Bangalore,Women Kurti,Clothing,81.3,899.0,73086.32,RandomForest
591,2025-01-22,Store_Bangalore,Women Kurti,Clothing,81.3,899.0,73086.32,RandomForest
592,2025-01-23,Store_Bangalore,Women Kurti,Clothing,81.17,899.0,72970.57,RandomForest
593,2025-01-24,Store_Bangalore,Women Kurti,Clothing,81.17,899.0,72970.57,RandomForest
594,2025-01-25,Store_Bangalore,Women Kurti,Clothing,97.98,899.0,88080.12,RandomForest
595,2025-01-26,Store_Bangalore,Women Kurti,Clothing,96.28,899.0,86555.68,RandomForest
596,2025-01-27,Store_Bangalore,Women Kurti,Clothing,79.79,899.0,71734.72,RandomForest
597,2025-01-28,Store_Bangalore,Women Kurti,Clothing,80.98,899.0,72805.01,RandomForest
598,2025-01-29,Store_Bangalore,Women Kurti,Clothing,80.13,899.0,72039.9,RandomForest
599,2025-01-30,Store_Bangalore,Women Kurti,Clothing,75.17,899.0,67576.0,RandomForest
600,2025-01-01,Store_Chennai,Cooking Oil (1L),Grocery,188.9,150.0,28334.26,RandomForest
601,2025-01-02,Store_Chennai,Cooking Oil (1L),Grocery,189.8,150.0,28470.03,RandomForest
602,2025-01-03,Store_Chennai,Cooking Oil (1L),Grocery,195.25,150.0,29288.0,RandomForest
603,2025-01-04,Store_Chennai,Cooking Oil (1L),Grocery,251.41,150.0,37711.36,RandomForest
604,2025-01-05,Store_Chennai,Cooking Oil (1L),Grocery,248.01,150.0,37201.53,RandomForest
605,2025-01-06,Store_Chennai,Cooking Oil (1L),Grocery,196.87,150.0,29530.89,RandomForest
606,2025-01-07,Store_Chennai,Cooking Oil (1L),Grocery,197.21,150.0,29581.19,RandomForest
607,2025-01-08,Store_Chennai,Cooking Oil (1L),Grocery,197.37,150.0,29605.67,RandomForest
608,2025-01-09,Store_Chennai,Cooking Oil (1L),Grocery,197.24,150.0,29586.36,RandomForest
609,2025-01-10,Store_Chennai,Cooking Oil (1L),Grocery,197.96,150.0,29693.92,RandomForest
610,2025-01-11,Store_Chennai,Cooking Oil (1L),Grocery,251.83,150.0,37774.58,RandomForest
611,2025-01-12,Store_Chennai,Cooking Oil (1L),Grocery,248.27,150.0,37241.13,RandomForest
612,2025-01-13,Store_Chennai,Cooking Oil (1L),Grocery,198.01,150.0,29701.37,RandomForest
613,2025-01-14,Store_Chennai,Cooking Oil (1L),Grocery,198.24,150.0,29736.56,RandomForest
614,2025-01-15,Store_Chennai,Cooking Oil (1L),Grocery,197.53,150.0,29629.57,RandomForest
615,2025-01-16,Store_Chennai,Cooking Oil (1L),Grocery,197.4,150.0,29610.26,RandomForest
616,2025-01-17,Store_Chennai,Cooking Oil (1L),Grocery,197.4,150.0,29610.26,RandomForest
617,2025-01-18,Store_Chennai,Cooking Oil (1L),Grocery,251.27,150.0,37690.93,RandomForest
618,2025-01-19,Store_Chennai,Cooking Oil (1L),Grocery,247.72,150.0,37157.47,RandomForest
619,2025-01-20,Store_Chennai,Cooking Oil (1L),Grocery,197.3,150.0,29594.38,RandomForest
620,2025-01-21,Store_Chennai,Cooking Oil (1L),Grocery,197.24,150.0,29586.1,RandomForest
621,2025-01-22,Store_Chennai,Cooking Oil (1L),Grocery,197.24,150.0,29586.1,RandomForest
622,2025-01-23,Store_Chennai,Cooking Oil (1L),Grocery,197.11,150.0,29566.79,RandomForest
623,2025-01-24,Store_Chennai,Cooking Oil (1L),Grocery,197.11,150.0,29566.79,RandomForest
624,2025-01-25,Store_Chennai,Cooking Oil (1L),Grocery,251.72,150.0,37758.06,RandomForest
625,2025-01-26,Store_Chennai,Cooking Oil (1L),Grocery,248.32,150.0,37248.71,RandomForest
626,2025-01-27,Store_Chennai,Cooking Oil (1L),Grocery,197.01,150.0,29550.92,RandomForest
627,2025-01-28,Store_Chennai,Cooking Oil (1L),Grocery,197.24,150.0,29586.1,RandomForest
628,2025-01-29,Store_Chennai,Cooking Oil (1L),Grocery,197.24,150.0,29586.1,RandomForest
629,2025-01-30,Store_Chennai,Cooking Oil (1L),Grocery,186.45,150.0,27967.29,RandomForest
630,2025-01-01,Store_Chennai,Dal (1kg),Grocery,243.07,120.0,29168.04,RandomForest
631,2025-01-02,Store_Chennai,Dal (1kg),Grocery,240.96,120.0,28915.31,RandomForest
632,2025-01-03,Store_Chennai,Dal (1kg),Grocery,246.48,120.0,29577.63,RandomForest
633,2025-01-04,Store_Chennai,Dal (1kg),Grocery,320.57,120.0,38467.97,RandomForest
634,2025-01-05,Store_Chennai,Dal (1kg),Grocery,321.95,120.0,38634.38,RandomForest
635,2025-01-06,Store_Chennai,Dal (1kg),Grocery,247.39,120.0,29686.87,RandomForest
636,2025-01-07,Store_Chennai,Dal (1kg),Grocery,245.36,120.0,29442.91,RandomForest
637,2025-01-08,Store_Chennai,Dal (1kg),Grocery,245.53,120.0,29463.89,RandomForest
638,2025-01-09,Store_Chennai,Dal (1kg),Grocery,250.36,120.0,30043.76,RandomForest
639,2025-01-10,Store_Chennai,Dal (1kg),Grocery,249.14,120.0,29896.41,RandomForest
640,2025-01-11,Store_Chennai,Dal (1kg),Grocery,320.76,120.0,38490.73,RandomForest
641,2025-01-12,Store_Chennai,Dal (1kg),Grocery,322.24,120.0,38669.38,RandomForest
642,2025-01-13,Store_Chennai,Dal (1kg),Grocery,248.7,120.0,29844.43,RandomForest
643,2025-01-14,Store_Chennai,Dal (1kg),Grocery,250.1,120.0,30011.78,RandomForest
644,2025-01-15,Store_Chennai,Dal (1kg),Grocery,250.1,120.0,30011.78,RandomForest
645,2025-01-16,Store_Chennai,Dal (1kg),Grocery,250.79,120.0,30094.67,RandomForest
646,2025-01-17,Store_Chennai,Dal (1kg),Grocery,250.79,120.0,30094.67,RandomForest
647,2025-01-18,Store_Chennai,Dal (1kg),Grocery,321.59,120.0,38590.25,RandomForest
648,2025-01-19,Store_Chennai,Dal (1kg),Grocery,323.07,120.0,38768.89,RandomForest
649,2025-01-20,Store_Chennai,Dal (1kg),Grocery,250.65,120.0,30077.78,RandomForest
650,2025-01-21,Store_Chennai,Dal (1kg),Grocery,251.82,120.0,30218.0,RandomForest
651,2025-01-22,Store_Chennai,Dal (1kg),Grocery,252.68,120.0,30321.51,RandomForest
652,2025-01-23,Store_Chennai,Dal (1kg),Grocery,252.25,120.0,30269.81,RandomForest
653,2025-01-24,Store_Chennai,Dal (1kg),Grocery,252.25,120.0,30269.81,RandomForest
654,2025-01-25,Store_Chennai,Dal (1kg),Grocery,325.51,120.0,39061.16,RandomForest
655,2025-01-26,Store_Chennai,Dal (1kg),Grocery,327.16,120.0,39259.09,RandomForest
656,2025-01-27,Store_Chennai,Dal (1kg),Grocery,252.11,120.0,30252.92,RandomForest
657,2025-01-28,Store_Chennai,Dal (1kg),Grocery,252.68,120.0,30321.51,RandomForest
658,2025-01-29,Store_Chennai,Dal (1kg),Grocery,251.77,120.0,30212.12,RandomForest
659,2025-01-30,Store_Chennai,Dal (1kg),Grocery,249.18,120.0,29901.13,RandomForest
660,2025-01-01,Store_Chennai,Earbuds,Electronics,93.18,2500.0,232943.53,RandomForest
661,2025-01-02,Store_Chennai,Earbuds,Electronics,94.08,2500.0,235206.38,RandomForest
662,2025-01-03,Store_Chennai,Earbuds,Electronics,101.51,2500.0,253766.92,RandomForest
663,2025-01-04,Store_Chennai,Earbuds,Electronics,140.66,2500.0,351644.86,RandomForest
664,2025-01-05,Store_Chennai,Earbuds,Electronics,138.95,2500.0,347371.52,RandomForest
665,2025-01-06,Store_Chennai,Earbuds,Electronics,112.33,2500.0,280814.84,RandomForest
666,2025-01-07,Store_Chennai,Earbuds,Electronics,116.1,2500.0,290241.85,RandomForest
667,2025-01-08,Store_Chennai,Earbuds,Electronics,116.26,2500.0,290649.93,RandomForest
668,2025-01-09,Store_Chennai,Earbuds,Electronics,116.13,2500.0,290328.06,RandomForest
669,2025-01-10,Store_Chennai,Earbuds,Electronics,117.15,2500.0,292880.27,RandomForest
670,2025-01-11,Store_Chennai,Earbuds,Electronics,145.54,2500.0,363847.24,RandomForest
671,2025-01-12,Store_Chennai,Earbuds,Electronics,143.37,2500.0,358426.7,RandomForest
672,2025-01-13,Store_Chennai,Earbuds,Electronics,114.81,2500.0,287036.57,RandomForest
673,2025-01-14,Store_Chennai,Earbuds,Electronics,116.89,2500.0,292214.89,RandomForest
674,2025-01-15,Store_Chennai,Earbuds,Electronics,116.89,2500.0,292214.89,RandomForest
675,2025-01-16,Store_Chennai,Earbuds,Electronics,116.76,2500.0,291893.02,RandomForest
676,2025-01-17,Store_Chennai,Earbuds,Electronics,116.76,2500.0,291893.02,RandomForest
677,2025-01-18,Store_Chennai,Earbuds,Electronics,145.14,2500.0,362860.03,RandomForest
678,2025-01-19,Store_Chennai,Earbuds,Electronics,142.98,2500.0,357439.5,RandomForest
679,2025-01-20,Store_Chennai,Earbuds,Electronics,114.81,2500.0,287036.57,RandomForest
680,2025-01-21,Store_Chennai,Earbuds,Electronics,116.92,2500.0,292311.63,RandomForest
681,2025-01-22,Store_Chennai,Earbuds,Electronics,116.92,2500.0,292311.63,RandomForest
682,2025-01-23,Store_Chennai,Earbuds,Electronics,116.8,2500.0,291989.77,RandomForest
683,2025-01-24,Store_Chennai,Earbuds,Electronics,116.8,2500.0,291989.77,RandomForest
684,2025-01-25,Store_Chennai,Earbuds,Electronics,145.63,2500.0,364082.68,RandomForest
685,2025-01-26,Store_Chennai,Earbuds,Electronics,143.63,2500.0,359063.95,RandomForest
686,2025-01-27,Store_Chennai,Earbuds,Electronics,114.85,2500.0,287133.31,RandomForest
687,2025-01-28,Store_Chennai,Earbuds,Electronics,116.78,2500.0,291949.67,RandomForest
688,2025-01-29,Store_Chennai,Earbuds,Electronics,116.78,2500.0,291949.67,RandomForest
689,2025-01-30,Store_Chennai,Earbuds,Electronics,106.68,2500.0,266692.12,RandomForest
690,2025-01-01,Store_Chennai,Face Wash,Personal Care,171.88,120.0,20625.25,RandomForest
691,2025-01-02,Store_Chennai,Face Wash,Personal Care,172.78,120.0,20733.87,RandomForest
692,2025-01-03,Store_Chennai,Face Wash,Personal Care,174.07,120.0,20888.5,RandomForest
693,2025-01-04,Store_Chennai,Face Wash,Personal Care,229.73,120.0,27567.32,RandomForest
694,2025-01-05,Store_Chennai,Face Wash,Personal Care,227.73,120.0,27327.67,RandomForest
695,2025-01-06,Store_Chennai,Face Wash,Personal Care,177.39,120.0,21286.5,RandomForest
696,2025-01-07,Store_Chennai,Face Wash,Personal Care,178.75,120.0,21449.58,RandomForest
697,2025-01-08,Store_Chennai,Face Wash,Personal Care,178.91,120.0,21469.17,RandomForest
698,2025-01-09,Store_Chennai,Face Wash,Personal Care,178.78,120.0,21453.72,RandomForest
699,2025-01-10,Store_Chennai,Face Wash,Personal Care,179.8,120.0,21576.23,RandomForest
700,2025-01-11,Store_Chennai,Face Wash,Personal Care,230.15,120.0,27617.9,RandomForest
701,2025-01-12,Store_Chennai,Face Wash,Personal Care,227.99,120.0,27359.35,RandomForest
702,2025-01-13,Store_Chennai,Face Wash,Personal Care,178.83,120.0,21459.34,RandomForest
703,2025-01-14,Store_Chennai,Face Wash,Personal Care,180.09,120.0,21610.34,RandomForest
704,2025-01-15,Store_Chennai,Face Wash,Personal Care,180.09,120.0,21610.34,RandomForest
705,2025-01-16,Store_Chennai,Face Wash,Personal Care,180.38,120.0,21645.34,RandomForest
706,2025-01-17,Store_Chennai,Face Wash,Personal Care,180.38,120.0,21645.34,RandomForest
707,2025-01-18,Store_Chennai,Face Wash,Personal Care,230.73,120.0,27687.01,RandomForest
708,2025-01-19,Store_Chennai,Face Wash,Personal Care,228.57,120.0,27428.46,RandomForest
709,2025-01-20,Store_Chennai,Face Wash,Personal Care,179.25,120.0,21509.79,RandomForest
710,2025-01-21,Store_Chennai,Face Wash,Personal Care,180.62,120.0,21674.06,RandomForest
711,2025-01-22,Store_Chennai,Face Wash,Personal Care,180.62,120.0,21674.06,RandomForest
712,2025-01-23,Store_Chennai,Face Wash,Personal Care,180.49,120.0,21658.61,RandomForest
713,2025-01-24,Store_Chennai,Face Wash,Personal Care,180.49,120.0,21658.61,RandomForest
714,2025-01-25,Store_Chennai,Face Wash,Personal Care,231.57,120.0,27788.76,RandomForest
715,2025-01-26,Store_Chennai,Face Wash,Personal Care,229.58,120.0,27549.49,RandomForest
716,2025-01-27,Store_Chennai,Face Wash,Personal Care,179.36,120.0,21523.06,RandomForest
717,2025-01-28,Store_Chennai,Face Wash,Personal Care,180.62,120.0,21674.06,RandomForest
718,2025-01-29,Store_Chennai,Face Wash,Personal Care,179.71,120.0,21564.66,RandomForest
719,2025-01-30,Store_Chennai,Face Wash,Personal Care,172.01,120.0,20641.4,RandomForest
720,2025-01-01,Store_Chennai,Kids Jeans,Clothing,51.63,799.0,41251.31,RandomForest
721,2025-01-02,Store_Chennai,Kids Jeans,Clothing,52.57,799.0,42003.51,RandomForest
722,2025-01-03,Store_Chennai,Kids Jeans,Clothing,52.57,799.0,42003.51,RandomForest
723,2025-01-04,Store_Chennai,Kids Jeans,Clothing,65.84,799.0,52605.79,RandomForest
724,2025-01-05,Store_Chennai,Kids Jeans,Clothing,65.22,799.0,52113.9,RandomForest
725,2025-01-06,Store_Chennai,Kids Jeans,Clothing,53.23,799.0,42527.66,RandomForest
726,2025-01-07,Store_Chennai,Kids Jeans,Clothing,54.51,799.0,43550.74,RandomForest
727,2025-01-08,Store_Chennai,Kids Jeans,Clothing,54.67,799.0,43681.16,RandomForest
728,2025-01-09,Store_Chennai,Kids Jeans,Clothing,54.67,799.0,43681.16,RandomForest
729,2025-01-10,Store_Chennai,Kids Jeans,Clothing,55.1,799.0,44028.77,RandomForest
730,2025-01-11,Store_Chennai,Kids Jeans,Clothing,66.86,799.0,53421.93,RandomForest
731,2025-01-12,Store_Chennai,Kids Jeans,Clothing,66.09,799.0,52804.21,RandomForest
732,2025-01-13,Store_Chennai,Kids Jeans,Clothing,54.08,799.0,43210.44,RandomForest
733,2025-01-14,Store_Chennai,Kids Jeans,Clothing,55.26,799.0,44153.03,RandomForest
734,2025-01-15,Store_Chennai,Kids Jeans,Clothing,55.16,799.0,44073.5,RandomForest
735,2025-01-16,Store_Chennai,Kids Jeans,Clothing,55.16,799.0,44073.5,RandomForest
736,2025-01-17,Store_Chennai,Kids Jeans,Clothing,55.16,799.0,44073.5,RandomForest
737,2025-01-18,Store_Chennai,Kids Jeans,Clothing,66.92,799.0,53466.65,RandomForest
738,2025-01-19,Store_Chennai,Kids Jeans,Clothing,66.14,799.0,52848.93,RandomForest
739,2025-01-20,Store_Chennai,Kids Jeans,Clothing,53.98,799.0,43130.91,RandomForest
740,2025-01-21,Store_Chennai,Kids Jeans,Clothing,55.2,799.0,44104.42,RandomForest
741,2025-01-22,Store_Chennai,Kids Jeans,Clothing,55.2,799.0,44104.42,RandomForest
742,2025-01-23,Store_Chennai,Kids Jeans,Clothing,55.2,799.0,44104.42,RandomForest
743,2025-01-24,Store_Chennai,Kids Jeans,Clothing,55.2,799.0,44104.42,RandomForest
744,2025-01-25,Store_Chennai,Kids Jeans,Clothing,66.96,799.0,53500.66,RandomForest
745,2025-01-26,Store_Chennai,Kids Jeans,Clothing,66.35,799.0,53011.35,RandomForest
746,2025-01-27,Store_Chennai,Kids Jeans,Clothing,54.02,799.0,43161.83,RandomForest
747,2025-01-28,Store_Chennai,Kids Jeans,Clothing,54.9,799.0,43865.35,RandomForest
748,2025-01-29,Store_Chennai,Kids Jeans,Clothing,53.83,799.0,43009.86,RandomForest
749,2025-01-30,Store_Chennai,Kids Jeans,Clothing,49.94,799.0,39900.34,RandomForest
750,2025-01-01,Store_Chennai,Laptop,Electronics,18.01,45000.0,810441.6,RandomForest
751,2025-01-02,Store_Chennai,Laptop,Electronics,18.95,45000.0,852806.0,RandomForest
752,2025-01-03,Store_Chennai,Laptop,Electronics,19.53,45000.0,878683.18,RandomForest
753,2025-01-04,Store_Chennai,Laptop,Electronics,27.27,45000.0,1227244.09,RandomForest
754,2025-01-05,Store_Chennai,Laptop,Electronics,26.96,45000.0,1213102.71,RandomForest
755,2025-01-06,Store_Chennai,Laptop,Electronics,21.88,45000.0,984411.48,RandomForest
756,2025-01-07,Store_Chennai,Laptop,Electronics,22.68,45000.0,1020525.0,RandomForest
757,2025-01-08,Store_Chennai,Laptop,Electronics,22.84,45000.0,1027870.47,RandomForest
758,2025-01-09,Store_Chennai,Laptop,Electronics,22.84,45000.0,1027870.47,RandomForest
759,2025-01-10,Store_Chennai,Laptop,Electronics,23.28,45000.0,1047447.94,RandomForest
760,2025-01-11,Store_Chennai,Laptop,Electronics,29.51,45000.0,1327910.79,RandomForest
761,2025-01-12,Store_Chennai,Laptop,Electronics,28.74,45000.0,1293119.83,RandomForest
762,2025-01-13,Store_Chennai,Laptop,Electronics,22.88,45000.0,1029755.32,RandomForest
763,2025-01-14,Store_Chennai,Laptop,Electronics,23.43,45000.0,1054446.14,RandomForest
764,2025-01-15,Store_Chennai,Laptop,Electronics,23.43,45000.0,1054446.14,RandomForest
765,2025-01-16,Store_Chennai,Laptop,Electronics,23.43,45000.0,1054446.14,RandomForest
766,2025-01-17,Store_Chennai,Laptop,Electronics,23.43,45000.0,1054446.14,RandomForest
767,2025-01-18,Store_Chennai,Laptop,Electronics,29.66,45000.0,1334908.99,RandomForest
768,2025-01-19,Store_Chennai,Laptop,Electronics,28.89,45000.0,1300118.04,RandomForest
769,2025-01-20,Store_Chennai,Laptop,Electronics,22.88,45000.0,1029755.32,RandomForest
770,2025-01-21,Store_Chennai,Laptop,Electronics,23.47,45000.0,1056187.65,RandomForest
771,2025-01-22,Store_Chennai,Laptop,Electronics,23.47,45000.0,1056187.65,RandomForest
772,2025-01-23,Store_Chennai,Laptop,Electronics,23.38,45000.0,1052171.8,RandomForest
773,2025-01-24,Store_Chennai,Laptop,Electronics,23.38,45000.0,1052171.8,RandomForest
774,2025-01-25,Store_Chennai,Laptop,Electronics,29.62,45000.0,1332808.71,RandomForest
775,2025-01-26,Store_Chennai,Laptop,Electronics,29.01,45000.0,1305250.37,RandomForest
776,2025-01-27,Store_Chennai,Laptop,Electronics,22.83,45000.0,1027480.97,RandomForest
777,2025-01-28,Store_Chennai,Laptop,Electronics,23.24,45000.0,1045656.48,RandomForest
778,2025-01-29,Store_Chennai,Laptop,Electronics,23.24,45000.0,1045656.48,RandomForest
779,2025-01-30,Store_Chennai,Laptop,Electronics,19.7,45000.0,886592.13,RandomForest
780,2025-01-01,Store_Chennai,Men T-Shirt,Clothing,106.24,599.0,63640.64,RandomForest
781,2025-01-02,Store_Chennai,Men T-Shirt,Clothing,106.43,599.0,63750.72,RandomForest
782,2025-01-03,Store_Chennai,Men T-Shirt,Clothing,106.43,599.0,63750.72,RandomForest
783,2025-01-04,Store_Chennai,Men T-Shirt,Clothing,136.29,599.0,81635.82,RandomForest
784,2025-01-05,Store_Chennai,Men T-Shirt,Clothing,132.89,599.0,79603.93,RandomForest
785,2025-01-06,Store_Chennai,Men T-Shirt,Clothing,105.69,599.0,63308.06,RandomForest
786,2025-01-07,Store_Chennai,Men T-Shirt,Clothing,108.32,599.0,64881.37,RandomForest
787,2025-01-08,Store_Chennai,Men T-Shirt,Clothing,107.55,599.0,64420.28,RandomForest
788,2025-01-09,Store_Chennai,Men T-Shirt,Clothing,107.42,599.0,64343.16,RandomForest
789,2025-01-10,Store_Chennai,Men T-Shirt,Clothing,107.85,599.0,64603.75,RandomForest
790,2025-01-11,Store_Chennai,Men T-Shirt,Clothing,134.03,599.0,80284.41,RandomForest
791,2025-01-12,Store_Chennai,Men T-Shirt,Clothing,131.96,599.0,79046.17,RandomForest
792,2025-01-13,Store_Chennai,Men T-Shirt,Clothing,105.35,599.0,63104.02,RandomForest
793,2025-01-14,Store_Chennai,Men T-Shirt,Clothing,107.32,599.0,64287.29,RandomForest
794,2025-01-15,Store_Chennai,Men T-Shirt,Clothing,107.32,599.0,64287.29,RandomForest
795,2025-01-16,Store_Chennai,Men T-Shirt,Clothing,107.2,599.0,64210.17,RandomForest
796,2025-01-17,Store_Chennai,Men T-Shirt,Clothing,107.2,599.0,64210.17,RandomForest
797,2025-01-18,Store_Chennai,Men T-Shirt,Clothing,133.64,599.0,80047.87,RandomForest
798,2025-01-19,Store_Chennai,Men T-Shirt,Clothing,131.57,599.0,78809.64,RandomForest
799,2025-01-20,Store_Chennai,Men T-Shirt,Clothing,105.35,599.0,63104.02,RandomForest
800,2025-01-21,Store_Chennai,Men T-Shirt,Clothing,107.36,599.0,64310.47,RandomForest
801,2025-01-22,Store_Chennai,Men T-Shirt,Clothing,107.36,599.0,64310.47,RandomForest
802,2025-01-23,Store_Chennai,Men T-Shirt,Clothing,107.23,599.0,64233.35,RandomForest
803,2025-01-24,Store_Chennai,Men T-Shirt,Clothing,107.23,599.0,64233.35,RandomForest
804,2025-01-25,Store_Chennai,Men T-Shirt,Clothing,133.68,599.0,80073.37,RandomForest
805,2025-01-26,Store_Chennai,Men T-Shirt,Clothing,131.77,599.0,78931.41,RandomForest
806,2025-01-27,Store_Chennai,Men T-Shirt,Clothing,105.39,599.0,63127.2,RandomForest
807,2025-01-28,Store_Chennai,Men T-Shirt,Clothing,107.04,599.0,64116.53,RandomForest
808,2025-01-29,Store_Chennai,Men T-Shirt,Clothing,106.19,599.0,63606.73,RandomForest
809,2025-01-30,Store_Chennai,Men T-Shirt,Clothing,99.66,599.0,59693.56,RandomForest
810,2025-01-01,Store_Chennai,Mixer Grinder,Home & Kitchen,23.27,3500.0,81428.59,RandomForest
811,2025-01-02,Store_Chennai,Mixer Grinder,Home & Kitchen,23.43,3500.0,82009.11,RandomForest
812,2025-01-03,Store_Chennai,Mixer Grinder,Home & Kitchen,23.43,3500.0,82009.11,RandomForest
813,2025-01-04,Store_Chennai,Mixer Grinder,Home & Kitchen,30.8,3500.0,107801.63,RandomForest
814,2025-01-05,Store_Chennai,Mixer Grinder,Home & Kitchen,30.49,3500.0,106701.75,RandomForest
815,2025-01-06,Store_Chennai,Mixer Grinder,Home & Kitchen,24.25,3500.0,84882.06,RandomForest
816,2025-01-07,Store_Chennai,Mixer Grinder,Home & Kitchen,25.05,3500.0,87690.89,RandomForest
817,2025-01-08,Store_Chennai,Mixer Grinder,Home & Kitchen,25.22,3500.0,88262.2,RandomForest
818,2025-01-09,Store_Chennai,Mixer Grinder,Home & Kitchen,25.22,3500.0,88262.2,RandomForest
819,2025-01-10,Store_Chennai,Mixer Grinder,Home & Kitchen,24.91,3500.0,87171.85,RandomForest
820,2025-01-11,Store_Chennai,Mixer Grinder,Home & Kitchen,31.51,3500.0,110280.9,RandomForest
821,2025-01-12,Store_Chennai,Mixer Grinder,Home & Kitchen,30.74,3500.0,107574.93,RandomForest
822,2025-01-13,Store_Chennai,Mixer Grinder,Home & Kitchen,24.51,3500.0,85795.76,RandomForest
823,2025-01-14,Store_Chennai,Mixer Grinder,Home & Kitchen,25.06,3500.0,87716.16,RandomForest
824,2025-01-15,Store_Chennai,Mixer Grinder,Home & Kitchen,25.06,3500.0,87716.16,RandomForest
825,2025-01-16,Store_Chennai,Mixer Grinder,Home & Kitchen,25.06,3500.0,87716.16,RandomForest
826,2025-01-17,Store_Chennai,Mixer Grinder,Home & Kitchen,25.06,3500.0,87716.16,RandomForest
827,2025-01-18,Store_Chennai,Mixer Grinder,Home & Kitchen,31.66,3500.0,110825.2,RandomForest
828,2025-01-19,Store_Chennai,Mixer Grinder,Home & Kitchen,30.89,3500.0,108119.24,RandomForest
829,2025-01-20,Store_Chennai,Mixer Grinder,Home & Kitchen,24.51,3500.0,85795.76,RandomForest
830,2025-01-21,Store_Chennai,Mixer Grinder,Home & Kitchen,25.1,3500.0,87851.61,RandomForest
831,2025-01-22,Store_Chennai,Mixer Grinder,Home & Kitchen,25.1,3500.0,87851.61,RandomForest
832,2025-01-23,Store_Chennai,Mixer Grinder,Home & Kitchen,25.01,3500.0,87539.27,RandomForest
833,2025-01-24,Store_Chennai,Mixer Grinder,Home & Kitchen,25.01,3500.0,87539.27,RandomForest
834,2025-01-25,Store_Chennai,Mixer Grinder,Home & Kitchen,31.62,3500.0,110661.85,RandomForest
835,2025-01-26,Store_Chennai,Mixer Grinder,Home & Kitchen,31.01,3500.0,108518.42,RandomForest
836,2025-01-27,Store_Chennai,Mixer Grinder,Home & Kitchen,24.46,3500.0,85618.87,RandomForest
837,2025-01-28,Store_Chennai,Mixer Grinder,Home & Kitchen,24.87,3500.0,87032.52,RandomForest
838,2025-01-29,Store_Chennai,Mixer Grinder,Home & Kitchen,24.87,3500.0,87032.52,RandomForest
839,2025-01-30,Store_Chennai,Mixer Grinder,Home & Kitchen,21.33,3500.0,74660.85,RandomForest
840,2025-01-01,Store_Chennai,Moisturizer,Personal Care,110.37,250.0,27592.53,RandomForest
841,2025-01-02,Store_Chennai,Moisturizer,Personal Care,111.28,250.0,27818.82,RandomForest
842,2025-01-03,Store_Chennai,Moisturizer,Personal Care,114.17,250.0,28543.29,RandomForest
843,2025-01-04,Store_Chennai,Moisturizer,Personal Care,149.68,250.0,37420.24,RandomForest
844,2025-01-05,Store_Chennai,Moisturizer,Personal Care,144.9,250.0,36225.56,RandomForest
845,2025-01-06,Store_Chennai,Moisturizer,Personal Care,114.59,250.0,28648.66,RandomForest
846,2025-01-07,Store_Chennai,Moisturizer,Personal Care,118.67,250.0,29667.0,RandomForest
847,2025-01-08,Store_Chennai,Moisturizer,Personal Care,118.83,250.0,29707.81,RandomForest
848,2025-01-09,Store_Chennai,Moisturizer,Personal Care,118.7,250.0,29675.62,RandomForest
849,2025-01-10,Store_Chennai,Moisturizer,Personal Care,119.14,250.0,29784.38,RandomForest
850,2025-01-11,Store_Chennai,Moisturizer,Personal Care,148.62,250.0,37154.99,RandomForest
851,2025-01-12,Store_Chennai,Moisturizer,Personal Care,145.17,250.0,36291.56,RandomForest
852,2025-01-13,Store_Chennai,Moisturizer,Personal Care,115.45,250.0,28862.29,RandomForest
853,2025-01-14,Store_Chennai,Moisturizer,Personal Care,118.87,250.0,29717.85,RandomForest
854,2025-01-15,Store_Chennai,Moisturizer,Personal Care,118.87,250.0,29717.85,RandomForest
855,2025-01-16,Store_Chennai,Moisturizer,Personal Care,118.74,250.0,29685.66,RandomForest
856,2025-01-17,Store_Chennai,Moisturizer,Personal Care,118.74,250.0,29685.66,RandomForest
857,2025-01-18,Store_Chennai,Moisturizer,Personal Care,148.23,250.0,37056.27,RandomForest
858,2025-01-19,Store_Chennai,Moisturizer,Personal Care,144.77,250.0,36192.84,RandomForest
859,2025-01-20,Store_Chennai,Moisturizer,Personal Care,115.45,250.0,28862.29,RandomForest
860,2025-01-21,Store_Chennai,Moisturizer,Personal Care,118.91,250.0,29727.52,RandomForest
861,2025-01-22,Store_Chennai,Moisturizer,Personal Care,118.91,250.0,29727.52,RandomForest
862,2025-01-23,Store_Chennai,Moisturizer,Personal Care,118.78,250.0,29695.33,RandomForest
863,2025-01-24,Store_Chennai,Moisturizer,Personal Care,118.78,250.0,29695.33,RandomForest
864,2025-01-25,Store_Chennai,Moisturizer,Personal Care,148.27,250.0,37066.92,RandomForest
865,2025-01-26,Store_Chennai,Moisturizer,Personal Care,144.97,250.0,36243.66,RandomForest
866,2025-01-27,Store_Chennai,Moisturizer,Personal Care,115.49,250.0,28871.97,RandomForest
867,2025-01-28,Store_Chennai,Moisturizer,Personal Care,118.59,250.0,29646.57,RandomForest
868,2025-01-29,Store_Chennai,Moisturizer,Personal Care,118.59,250.0,29646.57,RandomForest
869,2025-01-30,Store_Chennai,Moisturizer,Personal Care,111.48,250.0,27871.17,RandomForest
870,2025-01-01,Store_Chennai,Non-Stick Pan,Home & Kitchen,50.07,800.0,40059.36,RandomForest
871,2025-01-02,Store_Chennai,Non-Stick Pan,Home & Kitchen,50.24,800.0,40192.06,RandomForest
872,2025-01-03,Store_Chennai,Non-Stick Pan,Home & Kitchen,50.24,800.0,40192.06,RandomForest
873,2025-01-04,Store_Chennai,Non-Stick Pan,Home & Kitchen,58.95,800.0,47157.12,RandomForest
874,2025-01-05,Store_Chennai,Non-Stick Pan,Home & Kitchen,60.32,800.0,48255.2,RandomForest
875,2025-01-06,Store_Chennai,Non-Stick Pan,Home & Kitchen,49.98,800.0,39980.05,RandomForest
876,2025-01-07,Store_Chennai,Non-Stick Pan,Home & Kitchen,50.91,800.0,40728.54,RandomForest
877,2025-01-08,Store_Chennai,Non-Stick Pan,Home & Kitchen,51.07,800.0,40859.12,RandomForest
878,2025-01-09,Store_Chennai,Non-Stick Pan,Home & Kitchen,51.07,800.0,40859.12,RandomForest
879,2025-01-10,Store_Chennai,Non-Stick Pan,Home & Kitchen,50.76,800.0,40609.9,RandomForest
880,2025-01-11,Store_Chennai,Non-Stick Pan,Home & Kitchen,59.55,800.0,47643.72,RandomForest
881,2025-01-12,Store_Chennai,Non-Stick Pan,Home & Kitchen,59.92,800.0,47933.69,RandomForest
882,2025-01-13,Store_Chennai,Non-Stick Pan,Home & Kitchen,50.08,800.0,40066.42,RandomForest
883,2025-01-14,Store_Chennai,Non-Stick Pan,Home & Kitchen,50.92,800.0,40734.31,RandomForest
884,2025-01-15,Store_Chennai,Non-Stick Pan,Home & Kitchen,50.82,800.0,40654.68,RandomForest
885,2025-01-16,Store_Chennai,Non-Stick Pan,Home & Kitchen,50.82,800.0,40654.68,RandomForest
886,2025-01-17,Store_Chennai,Non-Stick Pan,Home & Kitchen,50.82,800.0,40654.68,RandomForest
887,2025-01-18,Store_Chennai,Non-Stick Pan,Home & Kitchen,59.61,800.0,47688.5,RandomForest
888,2025-01-19,Store_Chennai,Non-Stick Pan,Home & Kitchen,59.97,800.0,47978.47,RandomForest
889,2025-01-20,Store_Chennai,Non-Stick Pan,Home & Kitchen,49.98,800.0,39986.79,RandomForest
890,2025-01-21,Store_Chennai,Non-Stick Pan,Home & Kitchen,50.86,800.0,40685.64,RandomForest
891,2025-01-22,Store_Chennai,Non-Stick Pan,Home & Kitchen,50.86,800.0,40685.64,RandomForest
892,2025-01-23,Store_Chennai,Non-Stick Pan,Home & Kitchen,50.86,800.0,40685.64,RandomForest
893,2025-01-24,Store_Chennai,Non-Stick Pan,Home & Kitchen,50.86,800.0,40685.64,RandomForest
894,2025-01-25,Store_Chennai,Non-Stick Pan,Home & Kitchen,59.65,800.0,47722.56,RandomForest
895,2025-01-26,Store_Chennai,Non-Stick Pan,Home & Kitchen,60.18,800.0,48141.11,RandomForest
896,2025-01-27,Store_Chennai,Non-Stick Pan,Home & Kitchen,50.02,800.0,40017.75,RandomForest
897,2025-01-28,Store_Chennai,Non-Stick Pan,Home & Kitchen,50.71,800.0,40569.81,RandomForest
898,2025-01-29,Store_Chennai,Non-Stick Pan,Home & Kitchen,49.86,800.0,39888.95,RandomForest
899,2025-01-30,Store_Chennai,Non-Stick Pan,Home & Kitchen,45.97,800.0,36775.53,RandomForest
900,2025-01-01,Store_Chennai,Pressure Cooker,Home & Kitchen,32.78,1500.0,49165.94,RandomForest
901,2025-01-02,Store_Chennai,Pressure Cooker,Home & Kitchen,32.94,1500.0,49414.74,RandomForest
902,2025-01-03,Store_Chennai,Pressure Cooker,Home & Kitchen,32.94,1500.0,49414.74,RandomForest
903,2025-01-04,Store_Chennai,Pressure Cooker,Home & Kitchen,41.49,1500.0,62233.71,RandomForest
904,2025-01-05,Store_Chennai,Pressure Cooker,Home & Kitchen,40.87,1500.0,61310.22,RandomForest
905,2025-01-06,Store_Chennai,Pressure Cooker,Home & Kitchen,33.46,1500.0,50193.91,RandomForest
906,2025-01-07,Store_Chennai,Pressure Cooker,Home & Kitchen,34.11,1500.0,51168.06,RandomForest
907,2025-01-08,Store_Chennai,Pressure Cooker,Home & Kitchen,34.28,1500.0,51412.9,RandomForest
908,2025-01-09,Store_Chennai,Pressure Cooker,Home & Kitchen,34.28,1500.0,51412.9,RandomForest
909,2025-01-10,Store_Chennai,Pressure Cooker,Home & Kitchen,33.96,1500.0,50945.61,RandomForest
910,2025-01-11,Store_Chennai,Pressure Cooker,Home & Kitchen,41.74,1500.0,62614.51,RandomForest
911,2025-01-12,Store_Chennai,Pressure Cooker,Home & Kitchen,40.97,1500.0,61454.81,RandomForest
912,2025-01-13,Store_Chennai,Pressure Cooker,Home & Kitchen,33.57,1500.0,50355.85,RandomForest
913,2025-01-14,Store_Chennai,Pressure Cooker,Home & Kitchen,34.12,1500.0,51178.88,RandomForest
914,2025-01-15,Store_Chennai,Pressure Cooker,Home & Kitchen,34.12,1500.0,51178.88,RandomForest
915,2025-01-16,Store_Chennai,Pressure Cooker,Home & Kitchen,34.12,1500.0,51178.88,RandomForest
916,2025-01-17,Store_Chennai,Pressure Cooker,Home & Kitchen,34.12,1500.0,51178.88,RandomForest
917,2025-01-18,Store_Chennai,Pressure Cooker,Home & Kitchen,41.9,1500.0,62847.78,RandomForest
918,2025-01-19,Store_Chennai,Pressure Cooker,Home & Kitchen,41.13,1500.0,61688.08,RandomForest
919,2025-01-20,Store_Chennai,Pressure Cooker,Home & Kitchen,33.57,1500.0,50355.85,RandomForest
920,2025-01-21,Store_Chennai,Pressure Cooker,Home & Kitchen,34.16,1500.0,51236.93,RandomForest
921,2025-01-22,Store_Chennai,Pressure Cooker,Home & Kitchen,34.16,1500.0,51236.93,RandomForest
922,2025-01-23,Store_Chennai,Pressure Cooker,Home & Kitchen,34.07,1500.0,51103.07,RandomForest
923,2025-01-24,Store_Chennai,Pressure Cooker,Home & Kitchen,34.07,1500.0,51103.07,RandomForest
924,2025-01-25,Store_Chennai,Pressure Cooker,Home & Kitchen,41.85,1500.0,62777.77,RandomForest
925,2025-01-26,Store_Chennai,Pressure Cooker,Home & Kitchen,41.24,1500.0,61859.16,RandomForest
926,2025-01-27,Store_Chennai,Pressure Cooker,Home & Kitchen,33.52,1500.0,50280.04,RandomForest
927,2025-01-28,Store_Chennai,Pressure Cooker,Home & Kitchen,33.92,1500.0,50885.89,RandomForest
928,2025-01-29,Store_Chennai,Pressure Cooker,Home & Kitchen,33.92,1500.0,50885.89,RandomForest
929,2025-01-30,Store_Chennai,Pressure Cooker,Home & Kitchen,30.39,1500.0,45583.75,RandomForest
930,2025-01-01,Store_Chennai,Rice (5kg),Grocery,211.63,250.0,52906.75,RandomForest
931,2025-01-02,Store_Chennai,Rice (5kg),Grocery,211.29,250.0,52822.97,RandomForest
932,2025-01-03,Store_Chennai,Rice (5kg),Grocery,217.4,250.0,54350.08,RandomForest
933,2025-01-04,Store_Chennai,Rice (5kg),Grocery,289.24,250.0,72309.78,RandomForest
934,2025-01-05,Store_Chennai,Rice (5kg),Grocery,278.87,250.0,69718.16,RandomForest
935,2025-01-06,Store_Chennai,Rice (5kg),Grocery,218.1,250.0,54525.05,RandomForest
936,2025-01-07,Store_Chennai,Rice (5kg),Grocery,218.73,250.0,54682.87,RandomForest
937,2025-01-08,Store_Chennai,Rice (5kg),Grocery,218.89,250.0,54723.68,RandomForest
938,2025-01-09,Store_Chennai,Rice (5kg),Grocery,219.68,250.0,54918.82,RandomForest
939,2025-01-10,Store_Chennai,Rice (5kg),Grocery,220.39,250.0,55098.08,RandomForest
940,2025-01-11,Store_Chennai,Rice (5kg),Grocery,289.66,250.0,72415.14,RandomForest
941,2025-01-12,Store_Chennai,Rice (5kg),Grocery,279.14,250.0,69784.16,RandomForest
942,2025-01-13,Store_Chennai,Rice (5kg),Grocery,220.23,250.0,55058.64,RandomForest
943,2025-01-14,Store_Chennai,Rice (5kg),Grocery,220.77,250.0,55191.28,RandomForest
944,2025-01-15,Store_Chennai,Rice (5kg),Grocery,220.77,250.0,55191.28,RandomForest
945,2025-01-16,Store_Chennai,Rice (5kg),Grocery,221.25,250.0,55312.28,RandomForest
946,2025-01-17,Store_Chennai,Rice (5kg),Grocery,221.25,250.0,55312.28,RandomForest
947,2025-01-18,Store_Chennai,Rice (5kg),Grocery,290.52,250.0,72629.34,RandomForest
948,2025-01-19,Store_Chennai,Rice (5kg),Grocery,279.99,250.0,69998.36,RandomForest
949,2025-01-20,Store_Chennai,Rice (5kg),Grocery,220.94,250.0,55233.96,RandomForest
950,2025-01-21,Store_Chennai,Rice (5kg),Grocery,221.76,250.0,55439.3,RandomForest
951,2025-01-22,Store_Chennai,Rice (5kg),Grocery,221.76,250.0,55439.3,RandomForest
952,2025-01-23,Store_Chennai,Rice (5kg),Grocery,221.54,250.0,55384.98,RandomForest
953,2025-01-24,Store_Chennai,Rice (5kg),Grocery,221.54,250.0,55384.98,RandomForest
954,2025-01-25,Store_Chennai,Rice (5kg),Grocery,291.55,250.0,72886.38,RandomForest
955,2025-01-26,Store_Chennai,Rice (5kg),Grocery,281.18,250.0,70295.58,RandomForest
956,2025-01-27,Store_Chennai,Rice (5kg),Grocery,221.23,250.0,55306.66,RandomForest
957,2025-01-28,Store_Chennai,Rice (5kg),Grocery,221.76,250.0,55439.3,RandomForest
958,2025-01-29,Store_Chennai,Rice (5kg),Grocery,221.76,250.0,55439.3,RandomForest
959,2025-01-30,Store_Chennai,Rice (5kg),Grocery,213.47,250.0,53367.38,RandomForest
960,2025-01-01,Store_Chennai,Shampoo (200ml),Personal Care,157.9,180.0,28421.84,RandomForest
961,2025-01-02,Store_Chennai,Shampoo (200ml),Personal Care,158.8,180.0,28584.76,RandomForest
962,2025-01-03,Store_Chennai,Shampoo (200ml),Personal Care,161.7,180.0,29106.38,RandomForest
963,2025-01-04,Store_Chennai,Shampoo (200ml),Personal Care,207.83,180.0,37408.55,RandomForest
964,2025-01-05,Store_Chennai,Shampoo (200ml),Personal Care,205.81,180.0,37046.62,RandomForest
965,2025-01-06,Store_Chennai,Shampoo (200ml),Personal Care,165.4,180.0,29772.46,RandomForest
966,2025-01-07,Store_Chennai,Shampoo (200ml),Personal Care,169.13,180.0,30442.61,RandomForest
967,2025-01-08,Store_Chennai,Shampoo (200ml),Personal Care,169.29,180.0,30471.99,RandomForest
968,2025-01-09,Store_Chennai,Shampoo (200ml),Personal Care,169.16,180.0,30448.82,RandomForest
969,2025-01-10,Store_Chennai,Shampoo (200ml),Personal Care,170.18,180.0,30632.58,RandomForest
970,2025-01-11,Store_Chennai,Shampoo (200ml),Personal Care,208.25,180.0,37484.41,RandomForest
971,2025-01-12,Store_Chennai,Shampoo (200ml),Personal Care,206.08,180.0,37094.13,RandomForest
972,2025-01-13,Store_Chennai,Shampoo (200ml),Personal Care,166.84,180.0,30031.73,RandomForest
973,2025-01-14,Store_Chennai,Shampoo (200ml),Personal Care,170.47,180.0,30683.75,RandomForest
974,2025-01-15,Store_Chennai,Shampoo (200ml),Personal Care,170.47,180.0,30683.75,RandomForest
975,2025-01-16,Store_Chennai,Shampoo (200ml),Personal Care,170.34,180.0,30660.57,RandomForest
976,2025-01-17,Store_Chennai,Shampoo (200ml),Personal Care,170.34,180.0,30660.57,RandomForest
977,2025-01-18,Store_Chennai,Shampoo (200ml),Personal Care,208.79,180.0,37582.59,RandomForest
978,2025-01-19,Store_Chennai,Shampoo (200ml),Personal Care,206.62,180.0,37192.31,RandomForest
979,2025-01-20,Store_Chennai,Shampoo (200ml),Personal Care,167.23,180.0,30101.91,RandomForest
980,2025-01-21,Store_Chennai,Shampoo (200ml),Personal Care,170.97,180.0,30773.83,RandomForest
981,2025-01-22,Store_Chennai,Shampoo (200ml),Personal Care,170.97,180.0,30773.83,RandomForest
982,2025-01-23,Store_Chennai,Shampoo (200ml),Personal Care,170.84,180.0,30750.66,RandomForest
983,2025-01-24,Store_Chennai,Shampoo (200ml),Personal Care,170.84,180.0,30750.66,RandomForest
984,2025-01-25,Store_Chennai,Shampoo (200ml),Personal Care,209.64,180.0,37735.21,RandomForest
985,2025-01-26,Store_Chennai,Shampoo (200ml),Personal Care,207.63,180.0,37373.86,RandomForest
986,2025-01-27,Store_Chennai,Shampoo (200ml),Personal Care,167.34,180.0,30121.81,RandomForest
987,2025-01-28,Store_Chennai,Shampoo (200ml),Personal Care,170.97,180.0,30773.83,RandomForest
988,2025-01-29,Store_Chennai,Shampoo (200ml),Personal Care,170.97,180.0,30773.83,RandomForest
989,2025-01-30,Store_Chennai,Shampoo (200ml),Personal Care,163.91,180.0,29503.81,RandomForest
990,2025-01-01,Store_Chennai,Smart Watch,Electronics,56.91,8000.0,455288.6,RandomForest
991,2025-01-02,Store_Chennai,Smart Watch,Electronics,57.87,8000.0,462963.32,RandomForest
992,2025-01-03,Store_Chennai,Smart Watch,Electronics,58.45,8000.0,467563.72,RandomForest
993,2025-01-04,Store_Chennai,Smart Watch,Electronics,74.91,8000.0,599275.09,RandomForest
994,2025-01-05,Store_Chennai,Smart Watch,Electronics,76.09,8000.0,608707.58,RandomForest
995,2025-01-06,Store_Chennai,Smart Watch,Electronics,61.92,8000.0,495376.13,RandomForest
996,2025-01-07,Store_Chennai,Smart Watch,Electronics,64.36,8000.0,514857.67,RandomForest
997,2025-01-08,Store_Chennai,Smart Watch,Electronics,64.52,8000.0,516163.51,RandomForest
998,2025-01-09,Store_Chennai,Smart Watch,Electronics,64.39,8000.0,515133.54,RandomForest
999,2025-01-10,Store_Chennai,Smart Watch,Electronics,64.83,8000.0,518613.95,RandomForest
1000,2025-01-11,Store_Chennai,Smart Watch,Electronics,78.13,8000.0,625065.86,RandomForest
1001,2025-01-12,Store_Chennai,Smart Watch,Electronics,78.0,8000.0,624005.98,RandomForest
1002,2025-01-13,Store_Chennai,Smart Watch,Electronics,63.82,8000.0,510599.21,RandomForest
1003,2025-01-14,Store_Chennai,Smart Watch,Electronics,65.11,8000.0,520888.0,RandomForest
1004,2025-01-15,Store_Chennai,Smart Watch,Electronics,65.11,8000.0,520888.0,RandomForest
1005,2025-01-16,Store_Chennai,Smart Watch,Electronics,64.98,8000.0,519858.03,RandomForest
1006,2025-01-17,Store_Chennai,Smart Watch,Electronics,64.98,8000.0,519858.03,RandomForest
1007,2025-01-18,Store_Chennai,Smart Watch,Electronics,78.29,8000.0,626309.94,RandomForest
1008,2025-01-19,Store_Chennai,Smart Watch,Electronics,78.16,8000.0,625250.06,RandomForest
1009,2025-01-20,Store_Chennai,Smart Watch,Electronics,63.82,8000.0,510599.21,RandomForest
1010,2025-01-21,Store_Chennai,Smart Watch,Electronics,65.15,8000.0,521197.57,RandomForest
1011,2025-01-22,Store_Chennai,Smart Watch,Electronics,65.15,8000.0,521197.57,RandomForest
1012,2025-01-23,Store_Chennai,Smart Watch,Electronics,65.02,8000.0,520167.6,RandomForest
1013,2025-01-24,Store_Chennai,Smart Watch,Electronics,65.02,8000.0,520167.6,RandomForest
1014,2025-01-25,Store_Chennai,Smart Watch,Electronics,78.33,8000.0,626650.39,RandomForest
1015,2025-01-26,Store_Chennai,Smart Watch,Electronics,78.36,8000.0,626876.28,RandomForest
1016,2025-01-27,Store_Chennai,Smart Watch,Electronics,63.86,8000.0,510908.81,RandomForest
1017,2025-01-28,Store_Chennai,Smart Watch,Electronics,64.85,8000.0,518803.96,RandomForest
1018,2025-01-29,Store_Chennai,Smart Watch,Electronics,64.63,8000.0,517046.94,RandomForest
1019,2025-01-30,Store_Chennai,Smart Watch,Electronics,60.23,8000.0,481873.72,RandomForest
1020,2025-01-01,Store_Chennai,Smartphone,Electronics,46.9,15000.0,703449.9,RandomForest
1021,2025-01-02,Store_Chennai,Smartphone,Electronics,47.86,15000.0,717839.98,RandomForest
1022,2025-01-03,Store_Chennai,Smartphone,Electronics,48.43,15000.0,726465.74,RandomForest
1023,2025-01-04,Store_Chennai,Smartphone,Electronics,64.39,15000.0,965883.29,RandomForest
1024,2025-01-05,Store_Chennai,Smartphone,Electronics,64.08,15000.0,961169.82,RandomForest
1025,2025-01-06,Store_Chennai,Smartphone,Electronics,50.51,15000.0,757633.32,RandomForest
1026,2025-01-07,Store_Chennai,Smartphone,Electronics,52.98,15000.0,794764.88,RandomForest
1027,2025-01-08,Store_Chennai,Smartphone,Electronics,53.15,15000.0,797213.34,RandomForest
1028,2025-01-09,Store_Chennai,Smartphone,Electronics,53.02,15000.0,795282.15,RandomForest
1029,2025-01-10,Store_Chennai,Smartphone,Electronics,53.45,15000.0,801807.98,RandomForest
1030,2025-01-11,Store_Chennai,Smartphone,Electronics,66.76,15000.0,1001451.07,RandomForest
1031,2025-01-12,Store_Chennai,Smartphone,Electronics,65.99,15000.0,989854.32,RandomForest
1032,2025-01-13,Store_Chennai,Smartphone,Electronics,52.41,15000.0,786176.49,RandomForest
1033,2025-01-14,Store_Chennai,Smartphone,Electronics,53.74,15000.0,806071.87,RandomForest
1034,2025-01-15,Store_Chennai,Smartphone,Electronics,53.64,15000.0,804578.76,RandomForest
1035,2025-01-16,Store_Chennai,Smartphone,Electronics,53.51,15000.0,802647.57,RandomForest
1036,2025-01-17,Store_Chennai,Smartphone,Electronics,53.51,15000.0,802647.57,RandomForest
1037,2025-01-18,Store_Chennai,Smartphone,Electronics,66.82,15000.0,1002290.61,RandomForest
1038,2025-01-19,Store_Chennai,Smartphone,Electronics,66.05,15000.0,990693.86,RandomForest
1039,2025-01-20,Store_Chennai,Smartphone,Electronics,52.31,15000.0,784683.38,RandomForest
1040,2025-01-21,Store_Chennai,Smartphone,Electronics,53.68,15000.0,805159.26,RandomForest
1041,2025-01-22,Store_Chennai,Smartphone,Electronics,53.68,15000.0,805159.26,RandomForest
1042,2025-01-23,Store_Chennai,Smartphone,Electronics,53.55,15000.0,803228.07,RandomForest
1043,2025-01-24,Store_Chennai,Smartphone,Electronics,53.55,15000.0,803228.07,RandomForest
1044,2025-01-25,Store_Chennai,Smartphone,Electronics,66.86,15000.0,1002928.96,RandomForest
1045,2025-01-26,Store_Chennai,Smartphone,Electronics,66.25,15000.0,993743.02,RandomForest
1046,2025-01-27,Store_Chennai,Smartphone,Electronics,52.35,15000.0,785263.88,RandomForest
1047,2025-01-28,Store_Chennai,Smartphone,Electronics,53.53,15000.0,802987.46,RandomForest
1048,2025-01-29,Store_Chennai,Smartphone,Electronics,53.53,15000.0,802987.46,RandomForest
1049,2025-01-30,Store_Chennai,Smartphone,Electronics,49.51,15000.0,742679.73,RandomForest
1050,2025-01-01,Store_Chennai,Sports Shoes,Clothing,43.22,1999.0,86393.69,RandomForest
1051,2025-01-02,Store_Chennai,Sports Shoes,Clothing,44.16,1999.0,88275.6,RandomForest
1052,2025-01-03,Store_Chennai,Sports Shoes,Clothing,44.16,1999.0,88275.6,RandomForest
1053,2025-01-04,Store_Chennai,Sports Shoes,Clothing,56.58,1999.0,113102.76,RandomForest
1054,2025-01-05,Store_Chennai,Sports Shoes,Clothing,55.96,1999.0,111872.06,RandomForest
1055,2025-01-06,Store_Chennai,Sports Shoes,Clothing,46.52,1999.0,92991.84,RandomForest
1056,2025-01-07,Store_Chennai,Sports Shoes,Clothing,47.45,1999.0,94862.12,RandomForest
1057,2025-01-08,Store_Chennai,Sports Shoes,Clothing,47.62,1999.0,95188.42,RandomForest
1058,2025-01-09,Store_Chennai,Sports Shoes,Clothing,47.62,1999.0,95188.42,RandomForest
1059,2025-01-10,Store_Chennai,Sports Shoes,Clothing,48.05,1999.0,96058.09,RandomForest
1060,2025-01-11,Store_Chennai,Sports Shoes,Clothing,57.6,1999.0,115144.65,RandomForest
1061,2025-01-12,Store_Chennai,Sports Shoes,Clothing,56.83,1999.0,113599.15,RandomForest
1062,2025-01-13,Store_Chennai,Sports Shoes,Clothing,47.37,1999.0,94700.08,RandomForest
1063,2025-01-14,Store_Chennai,Sports Shoes,Clothing,48.21,1999.0,96368.97,RandomForest
1064,2025-01-15,Store_Chennai,Sports Shoes,Clothing,48.21,1999.0,96368.97,RandomForest
1065,2025-01-16,Store_Chennai,Sports Shoes,Clothing,48.21,1999.0,96368.97,RandomForest
1066,2025-01-17,Store_Chennai,Sports Shoes,Clothing,48.21,1999.0,96368.97,RandomForest
1067,2025-01-18,Store_Chennai,Sports Shoes,Clothing,57.76,1999.0,115455.52,RandomForest
1068,2025-01-19,Store_Chennai,Sports Shoes,Clothing,56.98,1999.0,113910.02,RandomForest
1069,2025-01-20,Store_Chennai,Sports Shoes,Clothing,47.37,1999.0,94700.08,RandomForest
1070,2025-01-21,Store_Chennai,Sports Shoes,Clothing,48.25,1999.0,96446.33,RandomForest
1071,2025-01-22,Store_Chennai,Sports Shoes,Clothing,48.25,1999.0,96446.33,RandomForest
1072,2025-01-23,Store_Chennai,Sports Shoes,Clothing,48.25,1999.0,96446.33,RandomForest
1073,2025-01-24,Store_Chennai,Sports Shoes,Clothing,48.25,1999.0,96446.33,RandomForest
1074,2025-01-25,Store_Chennai,Sports Shoes,Clothing,57.8,1999.0,115540.61,RandomForest
1075,2025-01-26,Store_Chennai,Sports Shoes,Clothing,57.19,1999.0,114316.41,RandomForest
1076,2025-01-27,Store_Chennai,Sports Shoes,Clothing,47.41,1999.0,94777.44,RandomForest
1077,2025-01-28,Store_Chennai,Sports Shoes,Clothing,48.1,1999.0,96156.9,RandomForest
1078,2025-01-29,Store_Chennai,Sports Shoes,Clothing,48.1,1999.0,96156.9,RandomForest
1079,2025-01-30,Store_Chennai,Sports Shoes,Clothing,44.21,1999.0,88377.25,RandomForest
1080,2025-01-01,Store_Chennai,Toothpaste,Personal Care,284.42,80.0,22753.31,RandomForest
1081,2025-01-02,Store_Chennai,Toothpaste,Personal Care,282.31,80.0,22584.82,RandomForest
1082,2025-01-03,Store_Chennai,Toothpaste,Personal Care,284.4,80.0,22751.82,RandomForest
1083,2025-01-04,Store_Chennai,Toothpaste,Personal Care,379.23,80.0,30338.4,RandomForest
1084,2025-01-05,Store_Chennai,Toothpaste,Personal Care,389.18,80.0,31134.21,RandomForest
1085,2025-01-06,Store_Chennai,Toothpaste,Personal Care,285.96,80.0,22876.41,RandomForest
1086,2025-01-07,Store_Chennai,Toothpaste,Personal Care,278.8,80.0,22304.33,RandomForest
1087,2025-01-08,Store_Chennai,Toothpaste,Personal Care,274.94,80.0,21994.93,RandomForest
1088,2025-01-09,Store_Chennai,Toothpaste,Personal Care,279.47,80.0,22357.42,RandomForest
1089,2025-01-10,Store_Chennai,Toothpaste,Personal Care,278.98,80.0,22318.66,RandomForest
1090,2025-01-11,Store_Chennai,Toothpaste,Personal Care,370.26,80.0,29620.76,RandomForest
1091,2025-01-12,Store_Chennai,Toothpaste,Personal Care,380.31,80.0,30424.72,RandomForest
1092,2025-01-13,Store_Chennai,Toothpaste,Personal Care,279.84,80.0,22386.97,RandomForest
1093,2025-01-14,Store_Chennai,Toothpaste,Personal Care,281.23,80.0,22498.53,RandomForest
1094,2025-01-15,Store_Chennai,Toothpaste,Personal Care,281.23,80.0,22498.53,RandomForest
1095,2025-01-16,Store_Chennai,Toothpaste,Personal Care,281.28,80.0,22502.03,RandomForest
1096,2025-01-17,Store_Chennai,Toothpaste,Personal Care,281.28,80.0,22502.03,RandomForest
1097,2025-01-18,Store_Chennai,Toothpaste,Personal Care,371.03,80.0,29682.73,RandomForest
1098,2025-01-19,Store_Chennai,Toothpaste,Personal Care,381.08,80.0,30486.69,RandomForest
1099,2025-01-20,Store_Chennai,Toothpaste,Personal Care,281.78,80.0,22542.53,RandomForest
1100,2025-01-21,Store_Chennai,Toothpaste,Personal Care,282.22,80.0,22577.64,RandomForest
1101,2025-01-22,Store_Chennai,Toothpaste,Personal Care,283.08,80.0,22646.65,RandomForest
1102,2025-01-23,Store_Chennai,Toothpaste,Personal Care,282.01,80.0,22560.41,RandomForest
1103,2025-01-24,Store_Chennai,Toothpaste,Personal Care,282.01,80.0,22560.41,RandomForest
1104,2025-01-25,Store_Chennai,Toothpaste,Personal Care,374.23,80.0,29938.29,RandomForest
1105,2025-01-26,Store_Chennai,Toothpaste,Personal Care,387.88,80.0,31030.29,RandomForest
1106,2025-01-27,Store_Chennai,Toothpaste,Personal Care,282.51,80.0,22600.92,RandomForest
1107,2025-01-28,Store_Chennai,Toothpaste,Personal Care,283.08,80.0,22646.65,RandomForest
1108,2025-01-29,Store_Chennai,Toothpaste,Personal Care,282.9,80.0,22632.38,RandomForest
1109,2025-01-30,Store_Chennai,Toothpaste,Personal Care,287.03,80.0,22962.2,RandomForest
1110,2025-01-01,Store_Chennai,Water Bottle,Home & Kitchen,104.61,350.0,36613.71,RandomForest
1111,2025-01-02,Store_Chennai,Water Bottle,Home & Kitchen,103.56,350.0,36247.1,RandomForest
1112,2025-01-03,Store_Chennai,Water Bottle,Home & Kitchen,104.28,350.0,36496.84,RandomForest
1113,2025-01-04,Store_Chennai,Water Bottle,Home & Kitchen,129.59,350.0,45354.92,RandomForest
1114,2025-01-05,Store_Chennai,Water Bottle,Home & Kitchen,127.79,350.0,44727.55,RandomForest
1115,2025-01-06,Store_Chennai,Water Bottle,Home & Kitchen,104.93,350.0,36724.4,RandomForest
1116,2025-01-07,Store_Chennai,Water Bottle,Home & Kitchen,108.04,350.0,37814.04,RandomForest
1117,2025-01-08,Store_Chennai,Water Bottle,Home & Kitchen,108.2,350.0,37871.17,RandomForest
1118,2025-01-09,Store_Chennai,Water Bottle,Home & Kitchen,108.07,350.0,37826.1,RandomForest
1119,2025-01-10,Store_Chennai,Water Bottle,Home & Kitchen,107.94,350.0,37779.85,RandomForest
1120,2025-01-11,Store_Chennai,Water Bottle,Home & Kitchen,130.01,350.0,45502.44,RandomForest
1121,2025-01-12,Store_Chennai,Water Bottle,Home & Kitchen,128.06,350.0,44819.94,RandomForest
1122,2025-01-13,Store_Chennai,Water Bottle,Home & Kitchen,105.21,350.0,36824.96,RandomForest
1123,2025-01-14,Store_Chennai,Water Bottle,Home & Kitchen,107.68,350.0,37686.69,RandomForest
1124,2025-01-15,Store_Chennai,Water Bottle,Home & Kitchen,107.68,350.0,37686.69,RandomForest
1125,2025-01-16,Store_Chennai,Water Bottle,Home & Kitchen,107.55,350.0,37641.63,RandomForest
1126,2025-01-17,Store_Chennai,Water Bottle,Home & Kitchen,107.55,350.0,37641.63,RandomForest
1127,2025-01-18,Store_Chennai,Water Bottle,Home & Kitchen,129.61,350.0,45364.22,RandomForest
1128,2025-01-19,Store_Chennai,Water Bottle,Home & Kitchen,127.66,350.0,44681.73,RandomForest
1129,2025-01-20,Store_Chennai,Water Bottle,Home & Kitchen,105.21,350.0,36824.96,RandomForest
1130,2025-01-21,Store_Chennai,Water Bottle,Home & Kitchen,107.71,350.0,37700.24,RandomForest
1131,2025-01-22,Store_Chennai,Water Bottle,Home & Kitchen,107.71,350.0,37700.24,RandomForest
1132,2025-01-23,Store_Chennai,Water Bottle,Home & Kitchen,107.59,350.0,37655.18,RandomForest
1133,2025-01-24,Store_Chennai,Water Bottle,Home & Kitchen,107.59,350.0,37655.18,RandomForest
1134,2025-01-25,Store_Chennai,Water Bottle,Home & Kitchen,129.65,350.0,45379.12,RandomForest
1135,2025-01-26,Store_Chennai,Water Bottle,Home & Kitchen,127.87,350.0,44752.87,RandomForest
1136,2025-01-27,Store_Chennai,Water Bottle,Home & Kitchen,105.25,350.0,36838.5,RandomForest
1137,2025-01-28,Store_Chennai,Water Bottle,Home & Kitchen,107.39,350.0,37586.91,RandomForest
1138,2025-01-29,Store_Chennai,Water Bottle,Home & Kitchen,107.39,350.0,37586.91,RandomForest
1139,2025-01-30,Store_Chennai,Water Bottle,Home & Kitchen,102.43,350.0,35849.02,RandomForest
1140,2025-01-01,Store_Chennai,Wheat Flour (5kg),Grocery,214.45,200.0,42890.99,RandomForest
1141,2025-01-02,Store_Chennai,Wheat Flour (5kg),Grocery,211.38,200.0,42275.91,RandomForest
1142,2025-01-03,Store_Chennai,Wheat Flour (5kg),Grocery,215.84,200.0,43168.73,RandomForest
1143,2025-01-04,Store_Chennai,Wheat Flour (5kg),Grocery,287.35,200.0,57469.89,RandomForest
1144,2025-01-05,Store_Chennai,Wheat Flour (5kg),Grocery,285.04,200.0,57008.98,RandomForest
1145,2025-01-06,Store_Chennai,Wheat Flour (5kg),Grocery,215.8,200.0,43159.34,RandomForest
1146,2025-01-07,Store_Chennai,Wheat Flour (5kg),Grocery,213.91,200.0,42782.39,RandomForest
1147,2025-01-08,Store_Chennai,Wheat Flour (5kg),Grocery,214.09,200.0,42817.36,RandomForest
1148,2025-01-09,Store_Chennai,Wheat Flour (5kg),Grocery,218.19,200.0,43637.75,RandomForest
1149,2025-01-10,Store_Chennai,Wheat Flour (5kg),Grocery,223.04,200.0,44607.14,RandomForest
1150,2025-01-11,Store_Chennai,Wheat Flour (5kg),Grocery,289.89,200.0,57978.55,RandomForest
1151,2025-01-12,Store_Chennai,Wheat Flour (5kg),Grocery,287.43,200.0,57486.15,RandomForest
1152,2025-01-13,Store_Chennai,Wheat Flour (5kg),Grocery,224.48,200.0,44895.75,RandomForest
1153,2025-01-14,Store_Chennai,Wheat Flour (5kg),Grocery,225.2,200.0,45039.74,RandomForest
1154,2025-01-15,Store_Chennai,Wheat Flour (5kg),Grocery,225.2,200.0,45039.74,RandomForest
1155,2025-01-16,Store_Chennai,Wheat Flour (5kg),Grocery,224.5,200.0,44899.98,RandomForest
1156,2025-01-17,Store_Chennai,Wheat Flour (5kg),Grocery,223.44,200.0,44688.92,RandomForest
1157,2025-01-18,Store_Chennai,Wheat Flour (5kg),Grocery,290.3,200.0,58060.33,RandomForest
1158,2025-01-19,Store_Chennai,Wheat Flour (5kg),Grocery,287.84,200.0,57567.93,RandomForest
1159,2025-01-20,Store_Chennai,Wheat Flour (5kg),Grocery,225.18,200.0,45036.0,RandomForest
1160,2025-01-21,Store_Chennai,Wheat Flour (5kg),Grocery,226.33,200.0,45266.93,RandomForest
1161,2025-01-22,Store_Chennai,Wheat Flour (5kg),Grocery,226.33,200.0,45266.93,RandomForest
1162,2025-01-23,Store_Chennai,Wheat Flour (5kg),Grocery,224.93,200.0,44986.91,RandomForest
1163,2025-01-24,Store_Chennai,Wheat Flour (5kg),Grocery,223.88,200.0,44775.85,RandomForest
1164,2025-01-25,Store_Chennai,Wheat Flour (5kg),Grocery,292.11,200.0,58421.69,RandomForest
1165,2025-01-26,Store_Chennai,Wheat Flour (5kg),Grocery,289.96,200.0,57991.0,RandomForest
1166,2025-01-27,Store_Chennai,Wheat Flour (5kg),Grocery,224.77,200.0,44954.29,RandomForest
1167,2025-01-28,Store_Chennai,Wheat Flour (5kg),Grocery,225.49,200.0,45098.29,RandomForest
1168,2025-01-29,Store_Chennai,Wheat Flour (5kg),Grocery,225.49,200.0,45098.29,RandomForest
1169,2025-01-30,Store_Chennai,Wheat Flour (5kg),Grocery,220.5,200.0,44099.67,RandomForest
1170,2025-01-01,Store_Chennai,Women Kurti,Clothing,80.18,899.0,72085.89,RandomForest
1171,2025-01-02,Store_Chennai,Women Kurti,Clothing,81.14,899.0,72948.34,RandomForest
1172,2025-01-03,Store_Chennai,Women Kurti,Clothing,81.14,899.0,72948.34,RandomForest
1173,2025-01-04,Store_Chennai,Women Kurti,Clothing,104.04,899.0,93534.64,RandomForest
1174,2025-01-05,Store_Chennai,Women Kurti,Clothing,102.26,899.0,91930.66,RandomForest
1175,2025-01-06,Store_Chennai,Women Kurti,Clothing,82.42,899.0,74093.66,RandomForest
1176,2025-01-07,Store_Chennai,Women Kurti,Clothing,84.57,899.0,76026.21,RandomForest
1177,2025-01-08,Store_Chennai,Women Kurti,Clothing,84.73,899.0,76172.95,RandomForest
1178,2025-01-09,Store_Chennai,Women Kurti,Clothing,84.6,899.0,76057.21,RandomForest
1179,2025-01-10,Store_Chennai,Women Kurti,Clothing,85.04,899.0,76448.32,RandomForest
1180,2025-01-11,Store_Chennai,Women Kurti,Clothing,104.8,899.0,94217.25,RandomForest
1181,2025-01-12,Store_Chennai,Women Kurti,Clothing,102.86,899.0,92471.69,RandomForest
1182,2025-01-13,Store_Chennai,Women Kurti,Clothing,83.01,899.0,74626.2,RandomForest
1183,2025-01-14,Store_Chennai,Women Kurti,Clothing,85.06,899.0,76468.18,RandomForest
1184,2025-01-15,Store_Chennai,Women Kurti,Clothing,85.06,899.0,76468.18,RandomForest
1185,2025-01-16,Store_Chennai,Women Kurti,Clothing,84.93,899.0,76352.44,RandomForest
1186,2025-01-17,Store_Chennai,Women Kurti,Clothing,84.93,899.0,76352.44,RandomForest
1187,2025-01-18,Store_Chennai,Women Kurti,Clothing,104.96,899.0,94357.06,RandomForest
1188,2025-01-19,Store_Chennai,Women Kurti,Clothing,103.02,899.0,92611.49,RandomForest
1189,2025-01-20,Store_Chennai,Women Kurti,Clothing,83.01,899.0,74626.2,RandomForest
1190,2025-01-21,Store_Chennai,Women Kurti,Clothing,85.1,899.0,76502.97,RandomForest
1191,2025-01-22,Store_Chennai,Women Kurti,Clothing,85.1,899.0,76502.97,RandomForest
1192,2025-01-23,Store_Chennai,Women Kurti,Clothing,84.97,899.0,76387.23,RandomForest
1193,2025-01-24,Store_Chennai,Women Kurti,Clothing,84.97,899.0,76387.23,RandomForest
1194,2025-01-25,Store_Chennai,Women Kurti,Clothing,105.0,899.0,94395.32,RandomForest
1195,2025-01-26,Store_Chennai,Women Kurti,Clothing,103.22,899.0,92794.24,RandomForest
1196,2025-01-27,Store_Chennai,Women Kurti,Clothing,83.05,899.0,74660.99,RandomForest
1197,2025-01-28,Store_Chennai,Women Kurti,Clothing,84.78,899.0,76221.67,RandomForest
1198,2025-01-29,Store_Chennai,Women Kurti,Clothing,83.93,899.0,75456.55,RandomForest
1199,2025-01-30,Store_Chennai,Women Kurti,Clothing,79.54,899.0,71503.98,RandomForest
1200,2025-01-01,Store_Delhi,Cooking Oil (1L),Grocery,180.0,150.0,27000.27,RandomForest
1201,2025-01-02,Store_Delhi,Cooking Oil (1L),Grocery,180.91,150.0,27136.04,RandomForest
1202,2025-01-03,Store_Delhi,Cooking Oil (1L),Grocery,184.21,150.0,27632.03,RandomForest
1203,2025-01-04,Store_Delhi,Cooking Oil (1L),Grocery,244.15,150.0,36623.05,RandomForest
1204,2025-01-05,Store_Delhi,Cooking Oil (1L),Grocery,243.63,150.0,36544.89,RandomForest
1205,2025-01-06,Store_Delhi,Cooking Oil (1L),Grocery,187.82,150.0,28172.97,RandomForest
1206,2025-01-07,Store_Delhi,Cooking Oil (1L),Grocery,187.8,150.0,28169.65,RandomForest
1207,2025-01-08,Store_Delhi,Cooking Oil (1L),Grocery,187.96,150.0,28194.14,RandomForest
1208,2025-01-09,Store_Delhi,Cooking Oil (1L),Grocery,187.83,150.0,28174.83,RandomForest
1209,2025-01-10,Store_Delhi,Cooking Oil (1L),Grocery,188.55,150.0,28282.39,RandomForest
1210,2025-01-11,Store_Delhi,Cooking Oil (1L),Grocery,244.58,150.0,36686.27,RandomForest
1211,2025-01-12,Store_Delhi,Cooking Oil (1L),Grocery,243.9,150.0,36584.49,RandomForest
1212,2025-01-13,Store_Delhi,Cooking Oil (1L),Grocery,188.96,150.0,28343.45,RandomForest
1213,2025-01-14,Store_Delhi,Cooking Oil (1L),Grocery,188.83,150.0,28325.02,RandomForest
1214,2025-01-15,Store_Delhi,Cooking Oil (1L),Grocery,188.83,150.0,28325.02,RandomForest
1215,2025-01-16,Store_Delhi,Cooking Oil (1L),Grocery,188.7,150.0,28305.71,RandomForest
1216,2025-01-17,Store_Delhi,Cooking Oil (1L),Grocery,188.7,150.0,28305.71,RandomForest
1217,2025-01-18,Store_Delhi,Cooking Oil (1L),Grocery,244.73,150.0,36709.6,RandomForest
1218,2025-01-19,Store_Delhi,Cooking Oil (1L),Grocery,244.05,150.0,36607.82,RandomForest
1219,2025-01-20,Store_Delhi,Cooking Oil (1L),Grocery,188.96,150.0,28343.45,RandomForest
1220,2025-01-21,Store_Delhi,Cooking Oil (1L),Grocery,188.69,150.0,28303.13,RandomForest
1221,2025-01-22,Store_Delhi,Cooking Oil (1L),Grocery,188.69,150.0,28303.13,RandomForest
1222,2025-01-23,Store_Delhi,Cooking Oil (1L),Grocery,188.56,150.0,28283.82,RandomForest
1223,2025-01-24,Store_Delhi,Cooking Oil (1L),Grocery,188.56,150.0,28283.82,RandomForest
1224,2025-01-25,Store_Delhi,Cooking Oil (1L),Grocery,245.32,150.0,36798.3,RandomForest
1225,2025-01-26,Store_Delhi,Cooking Oil (1L),Grocery,244.8,150.0,36720.63,RandomForest
1226,2025-01-27,Store_Delhi,Cooking Oil (1L),Grocery,188.81,150.0,28321.55,RandomForest
1227,2025-01-28,Store_Delhi,Cooking Oil (1L),Grocery,188.69,150.0,28303.13,RandomForest
1228,2025-01-29,Store_Delhi,Cooking Oil (1L),Grocery,188.69,150.0,28303.13,RandomForest
1229,2025-01-30,Store_Delhi,Cooking Oil (1L),Grocery,180.72,150.0,27108.11,RandomForest
1230,2025-01-01,Store_Delhi,Dal (1kg),Grocery,243.75,120.0,29250.24,RandomForest
1231,2025-01-02,Store_Delhi,Dal (1kg),Grocery,241.65,120.0,28997.51,RandomForest
1232,2025-01-03,Store_Delhi,Dal (1kg),Grocery,247.17,120.0,29659.83,RandomForest
1233,2025-01-04,Store_Delhi,Dal (1kg),Grocery,329.64,120.0,39556.63,RandomForest
1234,2025-01-05,Store_Delhi,Dal (1kg),Grocery,329.14,120.0,39497.2,RandomForest
1235,2025-01-06,Store_Delhi,Dal (1kg),Grocery,248.34,120.0,29800.2,RandomForest
1236,2025-01-07,Store_Delhi,Dal (1kg),Grocery,246.3,120.0,29556.23,RandomForest
1237,2025-01-08,Store_Delhi,Dal (1kg),Grocery,246.48,120.0,29577.22,RandomForest
1238,2025-01-09,Store_Delhi,Dal (1kg),Grocery,251.55,120.0,30185.76,RandomForest
1239,2025-01-10,Store_Delhi,Dal (1kg),Grocery,253.27,120.0,30391.99,RandomForest
1240,2025-01-11,Store_Delhi,Dal (1kg),Grocery,330.09,120.0,39610.52,RandomForest
1241,2025-01-12,Store_Delhi,Dal (1kg),Grocery,329.43,120.0,39532.2,RandomForest
1242,2025-01-13,Store_Delhi,Dal (1kg),Grocery,252.83,120.0,30340.0,RandomForest
1243,2025-01-14,Store_Delhi,Dal (1kg),Grocery,254.23,120.0,30507.35,RandomForest
1244,2025-01-15,Store_Delhi,Dal (1kg),Grocery,254.23,120.0,30507.35,RandomForest
1245,2025-01-16,Store_Delhi,Dal (1kg),Grocery,254.92,120.0,30590.25,RandomForest
1246,2025-01-17,Store_Delhi,Dal (1kg),Grocery,254.92,120.0,30590.25,RandomForest
1247,2025-01-18,Store_Delhi,Dal (1kg),Grocery,330.22,120.0,39626.69,RandomForest
1248,2025-01-19,Store_Delhi,Dal (1kg),Grocery,329.57,120.0,39548.36,RandomForest
1249,2025-01-20,Store_Delhi,Dal (1kg),Grocery,254.78,120.0,30573.35,RandomForest
1250,2025-01-21,Store_Delhi,Dal (1kg),Grocery,255.55,120.0,30666.13,RandomForest
1251,2025-01-22,Store_Delhi,Dal (1kg),Grocery,255.37,120.0,30644.77,RandomForest
1252,2025-01-23,Store_Delhi,Dal (1kg),Grocery,254.94,120.0,30593.07,RandomForest
1253,2025-01-24,Store_Delhi,Dal (1kg),Grocery,254.94,120.0,30593.07,RandomForest
1254,2025-01-25,Store_Delhi,Dal (1kg),Grocery,332.71,120.0,39925.27,RandomForest
1255,2025-01-26,Store_Delhi,Dal (1kg),Grocery,332.22,120.0,39866.24,RandomForest
1256,2025-01-27,Store_Delhi,Dal (1kg),Grocery,254.8,120.0,30576.17,RandomForest
1257,2025-01-28,Store_Delhi,Dal (1kg),Grocery,255.37,120.0,30644.77,RandomForest
1258,2025-01-29,Store_Delhi,Dal (1kg),Grocery,254.46,120.0,30535.37,RandomForest
1259,2025-01-30,Store_Delhi,Dal (1kg),Grocery,250.45,120.0,30054.37,RandomForest
1260,2025-01-01,Store_Delhi,Earbuds,Electronics,103.06,2500.0,257661.06,RandomForest
1261,2025-01-02,Store_Delhi,Earbuds,Electronics,103.97,2500.0,259923.9,RandomForest
1262,2025-01-03,Store_Delhi,Earbuds,Electronics,110.73,2500.0,276833.57,RandomForest
1263,2025-01-04,Store_Delhi,Earbuds,Electronics,152.25,2500.0,380626.18,RandomForest
1264,2025-01-05,Store_Delhi,Earbuds,Electronics,150.54,2500.0,376352.84,RandomForest
1265,2025-01-06,Store_Delhi,Earbuds,Electronics,122.8,2500.0,307010.21,RandomForest
1266,2025-01-07,Store_Delhi,Earbuds,Electronics,127.12,2500.0,317795.24,RandomForest
1267,2025-01-08,Store_Delhi,Earbuds,Electronics,127.28,2500.0,318203.32,RandomForest
1268,2025-01-09,Store_Delhi,Earbuds,Electronics,127.15,2500.0,317881.45,RandomForest
1269,2025-01-10,Store_Delhi,Earbuds,Electronics,128.17,2500.0,320433.65,RandomForest
1270,2025-01-11,Store_Delhi,Earbuds,Electronics,157.79,2500.0,394466.21,RandomForest
1271,2025-01-12,Store_Delhi,Earbuds,Electronics,155.62,2500.0,389045.68,RandomForest
1272,2025-01-13,Store_Delhi,Earbuds,Electronics,125.29,2500.0,313231.96,RandomForest
1273,2025-01-14,Store_Delhi,Earbuds,Electronics,127.91,2500.0,319768.3,RandomForest
1274,2025-01-15,Store_Delhi,Earbuds,Electronics,127.91,2500.0,319768.3,RandomForest
1275,2025-01-16,Store_Delhi,Earbuds,Electronics,127.78,2500.0,319446.41,RandomForest
1276,2025-01-17,Store_Delhi,Earbuds,Electronics,127.78,2500.0,319446.41,RandomForest
1277,2025-01-18,Store_Delhi,Earbuds,Electronics,157.39,2500.0,393479.0,RandomForest
1278,2025-01-19,Store_Delhi,Earbuds,Electronics,155.22,2500.0,388058.47,RandomForest
1279,2025-01-20,Store_Delhi,Earbuds,Electronics,125.29,2500.0,313231.96,RandomForest
1280,2025-01-21,Store_Delhi,Earbuds,Electronics,128.19,2500.0,320463.75,RandomForest
1281,2025-01-22,Store_Delhi,Earbuds,Electronics,128.19,2500.0,320463.75,RandomForest
1282,2025-01-23,Store_Delhi,Earbuds,Electronics,128.06,2500.0,320141.91,RandomForest
1283,2025-01-24,Store_Delhi,Earbuds,Electronics,128.06,2500.0,320141.91,RandomForest
1284,2025-01-25,Store_Delhi,Earbuds,Electronics,158.41,2500.0,396017.76,RandomForest
1285,2025-01-26,Store_Delhi,Earbuds,Electronics,156.4,2500.0,390999.03,RandomForest
1286,2025-01-27,Store_Delhi,Earbuds,Electronics,125.57,2500.0,313927.44,RandomForest
1287,2025-01-28,Store_Delhi,Earbuds,Electronics,128.04,2500.0,320101.78,RandomForest
1288,2025-01-29,Store_Delhi,Earbuds,Electronics,128.04,2500.0,320101.78,RandomForest
1289,2025-01-30,Store_Delhi,Earbuds,Electronics,117.94,2500.0,294844.23,RandomForest
1290,2025-01-01,Store_Delhi,Face Wash,Personal Care,168.44,120.0,20212.95,RandomForest
1291,2025-01-02,Store_Delhi,Face Wash,Personal Care,169.35,120.0,20321.57,RandomForest
1292,2025-01-03,Store_Delhi,Face Wash,Personal Care,170.64,120.0,20476.2,RandomForest
1293,2025-01-04,Store_Delhi,Face Wash,Personal Care,221.24,120.0,26548.54,RandomForest
1294,2025-01-05,Store_Delhi,Face Wash,Personal Care,219.24,120.0,26308.89,RandomForest
1295,2025-01-06,Store_Delhi,Face Wash,Personal Care,173.95,120.0,20874.2,RandomForest
1296,2025-01-07,Store_Delhi,Face Wash,Personal Care,175.31,120.0,21037.28,RandomForest
1297,2025-01-08,Store_Delhi,Face Wash,Personal Care,175.47,120.0,21056.87,RandomForest
1298,2025-01-09,Store_Delhi,Face Wash,Personal Care,175.35,120.0,21041.42,RandomForest
1299,2025-01-10,Store_Delhi,Face Wash,Personal Care,176.37,120.0,21163.93,RandomForest
1300,2025-01-11,Store_Delhi,Face Wash,Personal Care,221.66,120.0,26599.12,RandomForest
1301,2025-01-12,Store_Delhi,Face Wash,Personal Care,219.5,120.0,26340.57,RandomForest
1302,2025-01-13,Store_Delhi,Face Wash,Personal Care,175.39,120.0,21047.05,RandomForest
1303,2025-01-14,Store_Delhi,Face Wash,Personal Care,176.65,120.0,21198.04,RandomForest
1304,2025-01-15,Store_Delhi,Face Wash,Personal Care,176.65,120.0,21198.04,RandomForest
1305,2025-01-16,Store_Delhi,Face Wash,Personal Care,176.94,120.0,21233.04,RandomForest
1306,2025-01-17,Store_Delhi,Face Wash,Personal Care,176.94,120.0,21233.04,RandomForest
1307,2025-01-18,Store_Delhi,Face Wash,Personal Care,222.24,120.0,26668.23,RandomForest
1308,2025-01-19,Store_Delhi,Face Wash,Personal Care,220.08,120.0,26409.68,RandomForest
1309,2025-01-20,Store_Delhi,Face Wash,Personal Care,175.81,120.0,21097.49,RandomForest
1310,2025-01-21,Store_Delhi,Face Wash,Personal Care,177.18,120.0,21261.76,RandomForest
1311,2025-01-22,Store_Delhi,Face Wash,Personal Care,177.18,120.0,21261.76,RandomForest
1312,2025-01-23,Store_Delhi,Face Wash,Personal Care,177.05,120.0,21246.31,RandomForest
1313,2025-01-24,Store_Delhi,Face Wash,Personal Care,177.05,120.0,21246.31,RandomForest
1314,2025-01-25,Store_Delhi,Face Wash,Personal Care,223.08,120.0,26769.97,RandomForest
1315,2025-01-26,Store_Delhi,Face Wash,Personal Care,221.09,120.0,26530.71,RandomForest
1316,2025-01-27,Store_Delhi,Face Wash,Personal Care,175.92,120.0,21110.76,RandomForest
1317,2025-01-28,Store_Delhi,Face Wash,Personal Care,177.18,120.0,21261.76,RandomForest
1318,2025-01-29,Store_Delhi,Face Wash,Personal Care,176.27,120.0,21152.36,RandomForest
1319,2025-01-30,Store_Delhi,Face Wash,Personal Care,166.29,120.0,19954.66,RandomForest
1320,2025-01-01,Store_Delhi,Kids Jeans,Clothing,51.25,799.0,40950.0,RandomForest
1321,2025-01-02,Store_Delhi,Kids Jeans,Clothing,52.19,799.0,41702.2,RandomForest
1322,2025-01-03,Store_Delhi,Kids Jeans,Clothing,52.19,799.0,41702.2,RandomForest
1323,2025-01-04,Store_Delhi,Kids Jeans,Clothing,64.69,799.0,51685.22,RandomForest
1324,2025-01-05,Store_Delhi,Kids Jeans,Clothing,66.06,799.0,52781.96,RandomForest
1325,2025-01-06,Store_Delhi,Kids Jeans,Clothing,54.55,799.0,43587.28,RandomForest
1326,2025-01-07,Store_Delhi,Kids Jeans,Clothing,55.49,799.0,44334.83,RandomForest
1327,2025-01-08,Store_Delhi,Kids Jeans,Clothing,55.65,799.0,44465.25,RandomForest
1328,2025-01-09,Store_Delhi,Kids Jeans,Clothing,55.65,799.0,44465.25,RandomForest
1329,2025-01-10,Store_Delhi,Kids Jeans,Clothing,56.09,799.0,44812.86,RandomForest
1330,2025-01-11,Store_Delhi,Kids Jeans,Clothing,66.56,799.0,53182.65,RandomForest
1331,2025-01-12,Store_Delhi,Kids Jeans,Clothing,66.92,799.0,53472.27,RandomForest
1332,2025-01-13,Store_Delhi,Kids Jeans,Clothing,55.41,799.0,44270.06,RandomForest
1333,2025-01-14,Store_Delhi,Kids Jeans,Clothing,56.24,799.0,44937.12,RandomForest
1334,2025-01-15,Store_Delhi,Kids Jeans,Clothing,56.24,799.0,44937.12,RandomForest
1335,2025-01-16,Store_Delhi,Kids Jeans,Clothing,56.24,799.0,44937.12,RandomForest
1336,2025-01-17,Store_Delhi,Kids Jeans,Clothing,56.24,799.0,44937.12,RandomForest
1337,2025-01-18,Store_Delhi,Kids Jeans,Clothing,66.72,799.0,53306.9,RandomForest
1338,2025-01-19,Store_Delhi,Kids Jeans,Clothing,67.08,799.0,53596.53,RandomForest
1339,2025-01-20,Store_Delhi,Kids Jeans,Clothing,55.41,799.0,44270.06,RandomForest
1340,2025-01-21,Store_Delhi,Kids Jeans,Clothing,56.28,799.0,44968.04,RandomForest
1341,2025-01-22,Store_Delhi,Kids Jeans,Clothing,56.28,799.0,44968.04,RandomForest
1342,2025-01-23,Store_Delhi,Kids Jeans,Clothing,56.28,799.0,44968.04,RandomForest
1343,2025-01-24,Store_Delhi,Kids Jeans,Clothing,56.28,799.0,44968.04,RandomForest
1344,2025-01-25,Store_Delhi,Kids Jeans,Clothing,66.76,799.0,53340.91,RandomForest
1345,2025-01-26,Store_Delhi,Kids Jeans,Clothing,67.28,799.0,53758.94,RandomForest
1346,2025-01-27,Store_Delhi,Kids Jeans,Clothing,55.45,799.0,44300.98,RandomForest
1347,2025-01-28,Store_Delhi,Kids Jeans,Clothing,55.98,799.0,44728.97,RandomForest
1348,2025-01-29,Store_Delhi,Kids Jeans,Clothing,54.91,799.0,43873.48,RandomForest
1349,2025-01-30,Store_Delhi,Kids Jeans,Clothing,51.02,799.0,40763.96,RandomForest
1350,2025-01-01,Store_Delhi,Laptop,Electronics,16.45,45000.0,740122.66,RandomForest
1351,2025-01-02,Store_Delhi,Laptop,Electronics,17.39,45000.0,782487.06,RandomForest
1352,2025-01-03,Store_Delhi,Laptop,Electronics,17.96,45000.0,808364.24,RandomForest
1353,2025-01-04,Store_Delhi,Laptop,Electronics,25.84,45000.0,1162826.19,RandomForest
1354,2025-01-05,Store_Delhi,Laptop,Electronics,25.53,45000.0,1148684.81,RandomForest
1355,2025-01-06,Store_Delhi,Laptop,Electronics,20.31,45000.0,914092.54,RandomForest
1356,2025-01-07,Store_Delhi,Laptop,Electronics,21.12,45000.0,950206.06,RandomForest
1357,2025-01-08,Store_Delhi,Laptop,Electronics,21.28,45000.0,957551.54,RandomForest
1358,2025-01-09,Store_Delhi,Laptop,Electronics,21.28,45000.0,957551.54,RandomForest
1359,2025-01-10,Store_Delhi,Laptop,Electronics,21.71,45000.0,977129.0,RandomForest
1360,2025-01-11,Store_Delhi,Laptop,Electronics,28.08,45000.0,1263492.88,RandomForest
1361,2025-01-12,Store_Delhi,Laptop,Electronics,27.3,45000.0,1228701.93,RandomForest
1362,2025-01-13,Store_Delhi,Laptop,Electronics,21.32,45000.0,959436.38,RandomForest
1363,2025-01-14,Store_Delhi,Laptop,Electronics,21.87,45000.0,984127.21,RandomForest
1364,2025-01-15,Store_Delhi,Laptop,Electronics,21.87,45000.0,984127.21,RandomForest
1365,2025-01-16,Store_Delhi,Laptop,Electronics,21.87,45000.0,984127.21,RandomForest
1366,2025-01-17,Store_Delhi,Laptop,Electronics,21.87,45000.0,984127.21,RandomForest
1367,2025-01-18,Store_Delhi,Laptop,Electronics,28.23,45000.0,1270491.09,RandomForest
1368,2025-01-19,Store_Delhi,Laptop,Electronics,27.46,45000.0,1235700.13,RandomForest
1369,2025-01-20,Store_Delhi,Laptop,Electronics,21.32,45000.0,959436.38,RandomForest
1370,2025-01-21,Store_Delhi,Laptop,Electronics,21.91,45000.0,985868.71,RandomForest
1371,2025-01-22,Store_Delhi,Laptop,Electronics,21.91,45000.0,985868.71,RandomForest
1372,2025-01-23,Store_Delhi,Laptop,Electronics,21.82,45000.0,981852.87,RandomForest
1373,2025-01-24,Store_Delhi,Laptop,Electronics,21.82,45000.0,981852.87,RandomForest
1374,2025-01-25,Store_Delhi,Laptop,Electronics,28.19,45000.0,1268390.81,RandomForest
1375,2025-01-26,Store_Delhi,Laptop,Electronics,27.57,45000.0,1240832.46,RandomForest
1376,2025-01-27,Store_Delhi,Laptop,Electronics,21.27,45000.0,957162.04,RandomForest
1377,2025-01-28,Store_Delhi,Laptop,Electronics,21.67,45000.0,975337.54,RandomForest
1378,2025-01-29,Store_Delhi,Laptop,Electronics,21.67,45000.0,975337.54,RandomForest
1379,2025-01-30,Store_Delhi,Laptop,Electronics,18.14,45000.0,816273.19,RandomForest
1380,2025-01-01,Store_Delhi,Men T-Shirt,Clothing,95.83,599.0,57402.42,RandomForest
1381,2025-01-02,Store_Delhi,Men T-Shirt,Clothing,96.74,599.0,57944.6,RandomForest
1382,2025-01-03,Store_Delhi,Men T-Shirt,Clothing,96.74,599.0,57944.6,RandomForest
1383,2025-01-04,Store_Delhi,Men T-Shirt,Clothing,121.12,599.0,72553.24,RandomForest
1384,2025-01-05,Store_Delhi,Men T-Shirt,Clothing,120.3,599.0,72056.75,RandomForest
1385,2025-01-06,Store_Delhi,Men T-Shirt,Clothing,97.34,599.0,58307.81,RandomForest
1386,2025-01-07,Store_Delhi,Men T-Shirt,Clothing,98.53,599.0,59016.86,RandomForest
1387,2025-01-08,Store_Delhi,Men T-Shirt,Clothing,98.69,599.0,59114.64,RandomForest
1388,2025-01-09,Store_Delhi,Men T-Shirt,Clothing,98.56,599.0,59037.52,RandomForest
1389,2025-01-10,Store_Delhi,Men T-Shirt,Clothing,99.0,599.0,59298.12,RandomForest
1390,2025-01-11,Store_Delhi,Men T-Shirt,Clothing,121.28,599.0,72648.66,RandomForest
1391,2025-01-12,Store_Delhi,Men T-Shirt,Clothing,120.3,599.0,72057.84,RandomForest
1392,2025-01-13,Store_Delhi,Men T-Shirt,Clothing,97.93,599.0,58662.65,RandomForest
1393,2025-01-14,Store_Delhi,Men T-Shirt,Clothing,99.02,599.0,59311.35,RandomForest
1394,2025-01-15,Store_Delhi,Men T-Shirt,Clothing,99.02,599.0,59311.35,RandomForest
1395,2025-01-16,Store_Delhi,Men T-Shirt,Clothing,98.89,599.0,59234.23,RandomForest
1396,2025-01-17,Store_Delhi,Men T-Shirt,Clothing,98.89,599.0,59234.23,RandomForest
1397,2025-01-18,Store_Delhi,Men T-Shirt,Clothing,121.44,599.0,72741.81,RandomForest
1398,2025-01-19,Store_Delhi,Men T-Shirt,Clothing,120.45,599.0,72150.99,RandomForest
1399,2025-01-20,Store_Delhi,Men T-Shirt,Clothing,97.93,599.0,58662.65,RandomForest
1400,2025-01-21,Store_Delhi,Men T-Shirt,Clothing,99.06,599.0,59334.53,RandomForest
1401,2025-01-22,Store_Delhi,Men T-Shirt,Clothing,99.06,599.0,59334.53,RandomForest
1402,2025-01-23,Store_Delhi,Men T-Shirt,Clothing,98.93,599.0,59257.41,RandomForest
1403,2025-01-24,Store_Delhi,Men T-Shirt,Clothing,98.93,599.0,59257.41,RandomForest
1404,2025-01-25,Store_Delhi,Men T-Shirt,Clothing,121.48,599.0,72767.3,RandomForest
1405,2025-01-26,Store_Delhi,Men T-Shirt,Clothing,120.66,599.0,72272.76,RandomForest
1406,2025-01-27,Store_Delhi,Men T-Shirt,Clothing,97.97,599.0,58685.83,RandomForest
1407,2025-01-28,Store_Delhi,Men T-Shirt,Clothing,99.06,599.0,59334.53,RandomForest
1408,2025-01-29,Store_Delhi,Men T-Shirt,Clothing,98.2,599.0,58824.74,RandomForest
1409,2025-01-30,Store_Delhi,Men T-Shirt,Clothing,93.24,599.0,55850.46,RandomForest
1410,2025-01-01,Store_Delhi,Mixer Grinder,Home & Kitchen,22.23,3500.0,77797.42,RandomForest
1411,2025-01-02,Store_Delhi,Mixer Grinder,Home & Kitchen,22.39,3500.0,78377.95,RandomForest
1412,2025-01-03,Store_Delhi,Mixer Grinder,Home & Kitchen,22.39,3500.0,78377.95,RandomForest
1413,2025-01-04,Store_Delhi,Mixer Grinder,Home & Kitchen,30.17,3500.0,105598.04,RandomForest
1414,2025-01-05,Store_Delhi,Mixer Grinder,Home & Kitchen,29.86,3500.0,104498.16,RandomForest
1415,2025-01-06,Store_Delhi,Mixer Grinder,Home & Kitchen,23.21,3500.0,81250.89,RandomForest
1416,2025-01-07,Store_Delhi,Mixer Grinder,Home & Kitchen,24.02,3500.0,84059.72,RandomForest
1417,2025-01-08,Store_Delhi,Mixer Grinder,Home & Kitchen,24.18,3500.0,84631.04,RandomForest
1418,2025-01-09,Store_Delhi,Mixer Grinder,Home & Kitchen,24.18,3500.0,84631.04,RandomForest
1419,2025-01-10,Store_Delhi,Mixer Grinder,Home & Kitchen,23.87,3500.0,83540.69,RandomForest
1420,2025-01-11,Store_Delhi,Mixer Grinder,Home & Kitchen,30.88,3500.0,108077.31,RandomForest
1421,2025-01-12,Store_Delhi,Mixer Grinder,Home & Kitchen,30.11,3500.0,105371.34,RandomForest
1422,2025-01-13,Store_Delhi,Mixer Grinder,Home & Kitchen,23.48,3500.0,82164.6,RandomForest
1423,2025-01-14,Store_Delhi,Mixer Grinder,Home & Kitchen,24.02,3500.0,84085.0,RandomForest
1424,2025-01-15,Store_Delhi,Mixer Grinder,Home & Kitchen,24.02,3500.0,84085.0,RandomForest
1425,2025-01-16,Store_Delhi,Mixer Grinder,Home & Kitchen,24.02,3500.0,84085.0,RandomForest
1426,2025-01-17,Store_Delhi,Mixer Grinder,Home & Kitchen,24.02,3500.0,84085.0,RandomForest
1427,2025-01-18,Store_Delhi,Mixer Grinder,Home & Kitchen,31.03,3500.0,108621.61,RandomForest
1428,2025-01-19,Store_Delhi,Mixer Grinder,Home & Kitchen,30.26,3500.0,105915.65,RandomForest
1429,2025-01-20,Store_Delhi,Mixer Grinder,Home & Kitchen,23.48,3500.0,82164.6,RandomForest
1430,2025-01-21,Store_Delhi,Mixer Grinder,Home & Kitchen,24.06,3500.0,84220.45,RandomForest
1431,2025-01-22,Store_Delhi,Mixer Grinder,Home & Kitchen,24.06,3500.0,84220.45,RandomForest
1432,2025-01-23,Store_Delhi,Mixer Grinder,Home & Kitchen,23.97,3500.0,83908.1,RandomForest
1433,2025-01-24,Store_Delhi,Mixer Grinder,Home & Kitchen,23.97,3500.0,83908.1,RandomForest
1434,2025-01-25,Store_Delhi,Mixer Grinder,Home & Kitchen,30.99,3500.0,108458.26,RandomForest
1435,2025-01-26,Store_Delhi,Mixer Grinder,Home & Kitchen,30.38,3500.0,106314.83,RandomForest
1436,2025-01-27,Store_Delhi,Mixer Grinder,Home & Kitchen,23.43,3500.0,81987.7,RandomForest
1437,2025-01-28,Store_Delhi,Mixer Grinder,Home & Kitchen,23.83,3500.0,83401.35,RandomForest
1438,2025-01-29,Store_Delhi,Mixer Grinder,Home & Kitchen,23.83,3500.0,83401.35,RandomForest
1439,2025-01-30,Store_Delhi,Mixer Grinder,Home & Kitchen,20.29,3500.0,71029.68,RandomForest
1440,2025-01-01,Store_Delhi,Moisturizer,Personal Care,112.43,250.0,28108.18,RandomForest
1441,2025-01-02,Store_Delhi,Moisturizer,Personal Care,112.62,250.0,28154.13,RandomForest
1442,2025-01-03,Store_Delhi,Moisturizer,Personal Care,115.51,250.0,28878.6,RandomForest
1443,2025-01-04,Store_Delhi,Moisturizer,Personal Care,149.36,250.0,37339.69,RandomForest
1444,2025-01-05,Store_Delhi,Moisturizer,Personal Care,147.82,250.0,36955.06,RandomForest
1445,2025-01-06,Store_Delhi,Moisturizer,Personal Care,116.78,250.0,29196.08,RandomForest
1446,2025-01-07,Store_Delhi,Moisturizer,Personal Care,120.86,250.0,30214.43,RandomForest
1447,2025-01-08,Store_Delhi,Moisturizer,Personal Care,121.02,250.0,30255.23,RandomForest
1448,2025-01-09,Store_Delhi,Moisturizer,Personal Care,120.89,250.0,30223.05,RandomForest
1449,2025-01-10,Store_Delhi,Moisturizer,Personal Care,121.33,250.0,30331.81,RandomForest
1450,2025-01-11,Store_Delhi,Moisturizer,Personal Care,151.45,250.0,37863.29,RandomForest
1451,2025-01-12,Store_Delhi,Moisturizer,Personal Care,149.26,250.0,37314.39,RandomForest
1452,2025-01-13,Store_Delhi,Moisturizer,Personal Care,117.64,250.0,29409.72,RandomForest
1453,2025-01-14,Store_Delhi,Moisturizer,Personal Care,121.06,250.0,30265.27,RandomForest
1454,2025-01-15,Store_Delhi,Moisturizer,Personal Care,121.06,250.0,30265.27,RandomForest
1455,2025-01-16,Store_Delhi,Moisturizer,Personal Care,120.93,250.0,30233.09,RandomForest
1456,2025-01-17,Store_Delhi,Moisturizer,Personal Care,120.93,250.0,30233.09,RandomForest
1457,2025-01-18,Store_Delhi,Moisturizer,Personal Care,151.06,250.0,37764.57,RandomForest
1458,2025-01-19,Store_Delhi,Moisturizer,Personal Care,148.86,250.0,37215.67,RandomForest
1459,2025-01-20,Store_Delhi,Moisturizer,Personal Care,117.64,250.0,29409.72,RandomForest
1460,2025-01-21,Store_Delhi,Moisturizer,Personal Care,121.1,250.0,30274.95,RandomForest
1461,2025-01-22,Store_Delhi,Moisturizer,Personal Care,121.1,250.0,30274.95,RandomForest
1462,2025-01-23,Store_Delhi,Moisturizer,Personal Care,120.97,250.0,30242.76,RandomForest
1463,2025-01-24,Store_Delhi,Moisturizer,Personal Care,120.97,250.0,30242.76,RandomForest
1464,2025-01-25,Store_Delhi,Moisturizer,Personal Care,151.1,250.0,37775.21,RandomForest
1465,2025-01-26,Store_Delhi,Moisturizer,Personal Care,149.07,250.0,37266.49,RandomForest
1466,2025-01-27,Store_Delhi,Moisturizer,Personal Care,117.68,250.0,29419.39,RandomForest
1467,2025-01-28,Store_Delhi,Moisturizer,Personal Care,120.78,250.0,30194.0,RandomForest
1468,2025-01-29,Store_Delhi,Moisturizer,Personal Care,120.78,250.0,30194.0,RandomForest
1469,2025-01-30,Store_Delhi,Moisturizer,Personal Care,113.67,250.0,28418.6,RandomForest
1470,2025-01-01,Store_Delhi,Non-Stick Pan,Home & Kitchen,50.75,800.0,40600.19,RandomForest
1471,2025-01-02,Store_Delhi,Non-Stick Pan,Home & Kitchen,50.92,800.0,40732.89,RandomForest
1472,2025-01-03,Store_Delhi,Non-Stick Pan,Home & Kitchen,50.92,800.0,40732.89,RandomForest
1473,2025-01-04,Store_Delhi,Non-Stick Pan,Home & Kitchen,62.79,800.0,50235.35,RandomForest
1474,2025-01-05,Store_Delhi,Non-Stick Pan,Home & Kitchen,62.18,800.0,49742.82,RandomForest
1475,2025-01-06,Store_Delhi,Non-Stick Pan,Home & Kitchen,50.8,800.0,40638.42,RandomForest
1476,2025-01-07,Store_Delhi,Non-Stick Pan,Home & Kitchen,52.08,800.0,41662.77,RandomForest
1477,2025-01-08,Store_Delhi,Non-Stick Pan,Home & Kitchen,52.24,800.0,41793.36,RandomForest
1478,2025-01-09,Store_Delhi,Non-Stick Pan,Home & Kitchen,52.24,800.0,41793.36,RandomForest
1479,2025-01-10,Store_Delhi,Non-Stick Pan,Home & Kitchen,51.93,800.0,41544.13,RandomForest
1480,2025-01-11,Store_Delhi,Non-Stick Pan,Home & Kitchen,63.04,800.0,50433.23,RandomForest
1481,2025-01-12,Store_Delhi,Non-Stick Pan,Home & Kitchen,62.27,800.0,49814.72,RandomForest
1482,2025-01-13,Store_Delhi,Non-Stick Pan,Home & Kitchen,50.91,800.0,40724.79,RandomForest
1483,2025-01-14,Store_Delhi,Non-Stick Pan,Home & Kitchen,52.09,800.0,41668.55,RandomForest
1484,2025-01-15,Store_Delhi,Non-Stick Pan,Home & Kitchen,51.99,800.0,41588.92,RandomForest
1485,2025-01-16,Store_Delhi,Non-Stick Pan,Home & Kitchen,51.99,800.0,41588.92,RandomForest
1486,2025-01-17,Store_Delhi,Non-Stick Pan,Home & Kitchen,51.99,800.0,41588.92,RandomForest
1487,2025-01-18,Store_Delhi,Non-Stick Pan,Home & Kitchen,63.1,800.0,50478.01,RandomForest
1488,2025-01-19,Store_Delhi,Non-Stick Pan,Home & Kitchen,62.32,800.0,49859.5,RandomForest
1489,2025-01-20,Store_Delhi,Non-Stick Pan,Home & Kitchen,50.81,800.0,40645.16,RandomForest
1490,2025-01-21,Store_Delhi,Non-Stick Pan,Home & Kitchen,52.02,800.0,41619.88,RandomForest
1491,2025-01-22,Store_Delhi,Non-Stick Pan,Home & Kitchen,52.02,800.0,41619.88,RandomForest
1492,2025-01-23,Store_Delhi,Non-Stick Pan,Home & Kitchen,52.02,800.0,41619.88,RandomForest
1493,2025-01-24,Store_Delhi,Non-Stick Pan,Home & Kitchen,52.02,800.0,41619.88,RandomForest
1494,2025-01-25,Store_Delhi,Non-Stick Pan,Home & Kitchen,63.14,800.0,50512.06,RandomForest
1495,2025-01-26,Store_Delhi,Non-Stick Pan,Home & Kitchen,62.53,800.0,50022.13,RandomForest
1496,2025-01-27,Store_Delhi,Non-Stick Pan,Home & Kitchen,50.85,800.0,40676.12,RandomForest
1497,2025-01-28,Store_Delhi,Non-Stick Pan,Home & Kitchen,51.88,800.0,41504.05,RandomForest
1498,2025-01-29,Store_Delhi,Non-Stick Pan,Home & Kitchen,50.81,800.0,40647.49,RandomForest
1499,2025-01-30,Store_Delhi,Non-Stick Pan,Home & Kitchen,46.92,800.0,37534.07,RandomForest
1500,2025-01-01,Store_Delhi,Pressure Cooker,Home & Kitchen,35.34,1500.0,53014.43,RandomForest
1501,2025-01-02,Store_Delhi,Pressure Cooker,Home & Kitchen,35.51,1500.0,53263.23,RandomForest
1502,2025-01-03,Store_Delhi,Pressure Cooker,Home & Kitchen,35.51,1500.0,53263.23,RandomForest
1503,2025-01-04,Store_Delhi,Pressure Cooker,Home & Kitchen,44.76,1500.0,67133.42,RandomForest
1504,2025-01-05,Store_Delhi,Pressure Cooker,Home & Kitchen,44.14,1500.0,66209.93,RandomForest
1505,2025-01-06,Store_Delhi,Pressure Cooker,Home & Kitchen,35.96,1500.0,53944.5,RandomForest
1506,2025-01-07,Store_Delhi,Pressure Cooker,Home & Kitchen,36.68,1500.0,55016.54,RandomForest
1507,2025-01-08,Store_Delhi,Pressure Cooker,Home & Kitchen,36.84,1500.0,55261.39,RandomForest
1508,2025-01-09,Store_Delhi,Pressure Cooker,Home & Kitchen,36.84,1500.0,55261.39,RandomForest
1509,2025-01-10,Store_Delhi,Pressure Cooker,Home & Kitchen,36.53,1500.0,54794.09,RandomForest
1510,2025-01-11,Store_Delhi,Pressure Cooker,Home & Kitchen,45.01,1500.0,67514.22,RandomForest
1511,2025-01-12,Store_Delhi,Pressure Cooker,Home & Kitchen,44.24,1500.0,66354.52,RandomForest
1512,2025-01-13,Store_Delhi,Pressure Cooker,Home & Kitchen,36.07,1500.0,54106.44,RandomForest
1513,2025-01-14,Store_Delhi,Pressure Cooker,Home & Kitchen,36.68,1500.0,55027.36,RandomForest
1514,2025-01-15,Store_Delhi,Pressure Cooker,Home & Kitchen,36.59,1500.0,54878.05,RandomForest
1515,2025-01-16,Store_Delhi,Pressure Cooker,Home & Kitchen,36.59,1500.0,54878.05,RandomForest
1516,2025-01-17,Store_Delhi,Pressure Cooker,Home & Kitchen,36.59,1500.0,54878.05,RandomForest
1517,2025-01-18,Store_Delhi,Pressure Cooker,Home & Kitchen,45.07,1500.0,67598.18,RandomForest
1518,2025-01-19,Store_Delhi,Pressure Cooker,Home & Kitchen,44.29,1500.0,66438.48,RandomForest
1519,2025-01-20,Store_Delhi,Pressure Cooker,Home & Kitchen,35.97,1500.0,53957.12,RandomForest
1520,2025-01-21,Store_Delhi,Pressure Cooker,Home & Kitchen,36.62,1500.0,54936.1,RandomForest
1521,2025-01-22,Store_Delhi,Pressure Cooker,Home & Kitchen,36.62,1500.0,54936.1,RandomForest
1522,2025-01-23,Store_Delhi,Pressure Cooker,Home & Kitchen,36.62,1500.0,54936.1,RandomForest
1523,2025-01-24,Store_Delhi,Pressure Cooker,Home & Kitchen,36.62,1500.0,54936.1,RandomForest
1524,2025-01-25,Store_Delhi,Pressure Cooker,Home & Kitchen,45.11,1500.0,67662.04,RandomForest
1525,2025-01-26,Store_Delhi,Pressure Cooker,Home & Kitchen,44.5,1500.0,66743.43,RandomForest
1526,2025-01-27,Store_Delhi,Pressure Cooker,Home & Kitchen,36.01,1500.0,54015.17,RandomForest
1527,2025-01-28,Store_Delhi,Pressure Cooker,Home & Kitchen,36.48,1500.0,54718.92,RandomForest
1528,2025-01-29,Store_Delhi,Pressure Cooker,Home & Kitchen,36.48,1500.0,54718.92,RandomForest
1529,2025-01-30,Store_Delhi,Pressure Cooker,Home & Kitchen,32.94,1500.0,49416.77,RandomForest
1530,2025-01-01,Store_Delhi,Rice (5kg),Grocery,200.08,250.0,50019.28,RandomForest
1531,2025-01-02,Store_Delhi,Rice (5kg),Grocery,199.74,250.0,49935.5,RandomForest
1532,2025-01-03,Store_Delhi,Rice (5kg),Grocery,205.85,250.0,51462.61,RandomForest
1533,2025-01-04,Store_Delhi,Rice (5kg),Grocery,274.71,250.0,68677.96,RandomForest
1534,2025-01-05,Store_Delhi,Rice (5kg),Grocery,271.28,250.0,67818.86,RandomForest
1535,2025-01-06,Store_Delhi,Rice (5kg),Grocery,207.3,250.0,51824.96,RandomForest
1536,2025-01-07,Store_Delhi,Rice (5kg),Grocery,207.18,250.0,51795.4,RandomForest
1537,2025-01-08,Store_Delhi,Rice (5kg),Grocery,207.34,250.0,51836.21,RandomForest
1538,2025-01-09,Store_Delhi,Rice (5kg),Grocery,208.13,250.0,52031.35,RandomForest
1539,2025-01-10,Store_Delhi,Rice (5kg),Grocery,208.84,250.0,52210.61,RandomForest
1540,2025-01-11,Store_Delhi,Rice (5kg),Grocery,275.13,250.0,68783.32,RandomForest
1541,2025-01-12,Store_Delhi,Rice (5kg),Grocery,271.54,250.0,67884.85,RandomForest
1542,2025-01-13,Store_Delhi,Rice (5kg),Grocery,209.43,250.0,52358.55,RandomForest
1543,2025-01-14,Store_Delhi,Rice (5kg),Grocery,209.22,250.0,52303.81,RandomForest
1544,2025-01-15,Store_Delhi,Rice (5kg),Grocery,209.22,250.0,52303.81,RandomForest
1545,2025-01-16,Store_Delhi,Rice (5kg),Grocery,209.7,250.0,52424.81,RandomForest
1546,2025-01-17,Store_Delhi,Rice (5kg),Grocery,209.7,250.0,52424.81,RandomForest
1547,2025-01-18,Store_Delhi,Rice (5kg),Grocery,275.99,250.0,68997.52,RandomForest
1548,2025-01-19,Store_Delhi,Rice (5kg),Grocery,272.4,250.0,68099.05,RandomForest
1549,2025-01-20,Store_Delhi,Rice (5kg),Grocery,210.14,250.0,52533.87,RandomForest
1550,2025-01-21,Store_Delhi,Rice (5kg),Grocery,209.63,250.0,52406.68,RandomForest
1551,2025-01-22,Store_Delhi,Rice (5kg),Grocery,209.63,250.0,52406.68,RandomForest
1552,2025-01-23,Store_Delhi,Rice (5kg),Grocery,209.41,250.0,52352.36,RandomForest
1553,2025-01-24,Store_Delhi,Rice (5kg),Grocery,209.41,250.0,52352.36,RandomForest
1554,2025-01-25,Store_Delhi,Rice (5kg),Grocery,276.44,250.0,69109.41,RandomForest
1555,2025-01-26,Store_Delhi,Rice (5kg),Grocery,273.0,250.0,68251.13,RandomForest
1556,2025-01-27,Store_Delhi,Rice (5kg),Grocery,209.85,250.0,52461.43,RandomForest
1557,2025-01-28,Store_Delhi,Rice (5kg),Grocery,209.63,250.0,52406.68,RandomForest
1558,2025-01-29,Store_Delhi,Rice (5kg),Grocery,209.63,250.0,52406.68,RandomForest
1559,2025-01-30,Store_Delhi,Rice (5kg),Grocery,201.34,250.0,50334.76,RandomForest
1560,2025-01-01,Store_Delhi,Shampoo (200ml),Personal Care,161.53,180.0,29075.64,RandomForest
1561,2025-01-02,Store_Delhi,Shampoo (200ml),Personal Care,162.44,180.0,29238.56,RandomForest
1562,2025-01-03,Store_Delhi,Shampoo (200ml),Personal Care,165.33,180.0,29760.18,RandomForest
1563,2025-01-04,Store_Delhi,Shampoo (200ml),Personal Care,212.11,180.0,38180.59,RandomForest
1564,2025-01-05,Store_Delhi,Shampoo (200ml),Personal Care,210.12,180.0,37821.12,RandomForest
1565,2025-01-06,Store_Delhi,Shampoo (200ml),Personal Care,171.09,180.0,30796.1,RandomForest
1566,2025-01-07,Store_Delhi,Shampoo (200ml),Personal Care,172.76,180.0,31096.41,RandomForest
1567,2025-01-08,Store_Delhi,Shampoo (200ml),Personal Care,172.92,180.0,31125.79,RandomForest
1568,2025-01-09,Store_Delhi,Shampoo (200ml),Personal Care,172.79,180.0,31102.62,RandomForest
1569,2025-01-10,Store_Delhi,Shampoo (200ml),Personal Care,173.81,180.0,31286.38,RandomForest
1570,2025-01-11,Store_Delhi,Shampoo (200ml),Personal Care,212.54,180.0,38256.46,RandomForest
1571,2025-01-12,Store_Delhi,Shampoo (200ml),Personal Care,210.38,180.0,37868.64,RandomForest
1572,2025-01-13,Store_Delhi,Shampoo (200ml),Personal Care,172.53,180.0,31055.37,RandomForest
1573,2025-01-14,Store_Delhi,Shampoo (200ml),Personal Care,174.1,180.0,31337.55,RandomForest
1574,2025-01-15,Store_Delhi,Shampoo (200ml),Personal Care,174.1,180.0,31337.55,RandomForest
1575,2025-01-16,Store_Delhi,Shampoo (200ml),Personal Care,173.97,180.0,31314.38,RandomForest
1576,2025-01-17,Store_Delhi,Shampoo (200ml),Personal Care,173.97,180.0,31314.38,RandomForest
1577,2025-01-18,Store_Delhi,Shampoo (200ml),Personal Care,213.08,180.0,38354.63,RandomForest
1578,2025-01-19,Store_Delhi,Shampoo (200ml),Personal Care,210.93,180.0,37966.81,RandomForest
1579,2025-01-20,Store_Delhi,Shampoo (200ml),Personal Care,172.92,180.0,31125.55,RandomForest
1580,2025-01-21,Store_Delhi,Shampoo (200ml),Personal Care,174.6,180.0,31427.63,RandomForest
1581,2025-01-22,Store_Delhi,Shampoo (200ml),Personal Care,174.6,180.0,31427.63,RandomForest
1582,2025-01-23,Store_Delhi,Shampoo (200ml),Personal Care,174.47,180.0,31404.46,RandomForest
1583,2025-01-24,Store_Delhi,Shampoo (200ml),Personal Care,174.47,180.0,31404.46,RandomForest
1584,2025-01-25,Store_Delhi,Shampoo (200ml),Personal Care,213.93,180.0,38507.25,RandomForest
1585,2025-01-26,Store_Delhi,Shampoo (200ml),Personal Care,211.94,180.0,38148.36,RandomForest
1586,2025-01-27,Store_Delhi,Shampoo (200ml),Personal Care,173.03,180.0,31145.45,RandomForest
1587,2025-01-28,Store_Delhi,Shampoo (200ml),Personal Care,174.6,180.0,31427.63,RandomForest
1588,2025-01-29,Store_Delhi,Shampoo (200ml),Personal Care,174.6,180.0,31427.63,RandomForest
1589,2025-01-30,Store_Delhi,Shampoo (200ml),Personal Care,164.49,180.0,29609.09,RandomForest
1590,2025-01-01,Store_Delhi,Smart Watch,Electronics,62.82,8000.0,502571.35,RandomForest
1591,2025-01-02,Store_Delhi,Smart Watch,Electronics,63.78,8000.0,510246.12,RandomForest
1592,2025-01-03,Store_Delhi,Smart Watch,Electronics,64.36,8000.0,514846.5,RandomForest
1593,2025-01-04,Store_Delhi,Smart Watch,Electronics,80.73,8000.0,645849.49,RandomForest
1594,2025-01-05,Store_Delhi,Smart Watch,Electronics,79.25,8000.0,633987.18,RandomForest
1595,2025-01-06,Store_Delhi,Smart Watch,Electronics,66.47,8000.0,531791.32,RandomForest
1596,2025-01-07,Store_Delhi,Smart Watch,Electronics,68.91,8000.0,551272.71,RandomForest
1597,2025-01-08,Store_Delhi,Smart Watch,Electronics,69.07,8000.0,552578.55,RandomForest
1598,2025-01-09,Store_Delhi,Smart Watch,Electronics,68.94,8000.0,551548.58,RandomForest
1599,2025-01-10,Store_Delhi,Smart Watch,Electronics,69.38,8000.0,555028.99,RandomForest
1600,2025-01-11,Store_Delhi,Smart Watch,Electronics,83.1,8000.0,664818.97,RandomForest
1601,2025-01-12,Store_Delhi,Smart Watch,Electronics,81.16,8000.0,649285.58,RandomForest
1602,2025-01-13,Store_Delhi,Smart Watch,Electronics,68.38,8000.0,547014.22,RandomForest
1603,2025-01-14,Store_Delhi,Smart Watch,Electronics,69.66,8000.0,557303.04,RandomForest
1604,2025-01-15,Store_Delhi,Smart Watch,Electronics,69.56,8000.0,556506.71,RandomForest
1605,2025-01-16,Store_Delhi,Smart Watch,Electronics,69.43,8000.0,555476.75,RandomForest
1606,2025-01-17,Store_Delhi,Smart Watch,Electronics,69.43,8000.0,555476.75,RandomForest
1607,2025-01-18,Store_Delhi,Smart Watch,Electronics,83.16,8000.0,665266.72,RandomForest
1608,2025-01-19,Store_Delhi,Smart Watch,Electronics,81.22,8000.0,649733.34,RandomForest
1609,2025-01-20,Store_Delhi,Smart Watch,Electronics,68.28,8000.0,546217.9,RandomForest
1610,2025-01-21,Store_Delhi,Smart Watch,Electronics,69.6,8000.0,556816.28,RandomForest
1611,2025-01-22,Store_Delhi,Smart Watch,Electronics,69.6,8000.0,556816.28,RandomForest
1612,2025-01-23,Store_Delhi,Smart Watch,Electronics,69.47,8000.0,555786.32,RandomForest
1613,2025-01-24,Store_Delhi,Smart Watch,Electronics,69.47,8000.0,555786.32,RandomForest
1614,2025-01-25,Store_Delhi,Smart Watch,Electronics,83.2,8000.0,665607.18,RandomForest
1615,2025-01-26,Store_Delhi,Smart Watch,Electronics,81.42,8000.0,651359.56,RandomForest
1616,2025-01-27,Store_Delhi,Smart Watch,Electronics,68.32,8000.0,546527.47,RandomForest
1617,2025-01-28,Store_Delhi,Smart Watch,Electronics,69.29,8000.0,554313.05,RandomForest
1618,2025-01-29,Store_Delhi,Smart Watch,Electronics,69.07,8000.0,552556.03,RandomForest
1619,2025-01-30,Store_Delhi,Smart Watch,Electronics,65.05,8000.0,520391.91,RandomForest
1620,2025-01-01,Store_Delhi,Smartphone,Electronics,47.75,15000.0,716227.63,RandomForest
1621,2025-01-02,Store_Delhi,Smartphone,Electronics,48.69,15000.0,730349.06,RandomForest
1622,2025-01-03,Store_Delhi,Smartphone,Electronics,49.26,15000.0,738974.82,RandomForest
1623,2025-01-04,Store_Delhi,Smartphone,Electronics,64.39,15000.0,965797.23,RandomForest
1624,2025-01-05,Store_Delhi,Smartphone,Electronics,62.9,15000.0,943554.9,RandomForest
1625,2025-01-06,Store_Delhi,Smartphone,Electronics,52.38,15000.0,785732.92,RandomForest
1626,2025-01-07,Store_Delhi,Smartphone,Electronics,53.78,15000.0,806632.18,RandomForest
1627,2025-01-08,Store_Delhi,Smartphone,Electronics,53.94,15000.0,809080.64,RandomForest
1628,2025-01-09,Store_Delhi,Smartphone,Electronics,53.94,15000.0,809080.64,RandomForest
1629,2025-01-10,Store_Delhi,Smartphone,Electronics,54.37,15000.0,815606.46,RandomForest
1630,2025-01-11,Store_Delhi,Smartphone,Electronics,66.62,15000.0,999352.8,RandomForest
1631,2025-01-12,Store_Delhi,Smartphone,Electronics,64.68,15000.0,970227.7,RandomForest
1632,2025-01-13,Store_Delhi,Smartphone,Electronics,53.39,15000.0,800847.53,RandomForest
1633,2025-01-14,Store_Delhi,Smartphone,Electronics,54.53,15000.0,817939.17,RandomForest
1634,2025-01-15,Store_Delhi,Smartphone,Electronics,54.53,15000.0,817939.17,RandomForest
1635,2025-01-16,Store_Delhi,Smartphone,Electronics,54.53,15000.0,817939.17,RandomForest
1636,2025-01-17,Store_Delhi,Smartphone,Electronics,54.53,15000.0,817939.17,RandomForest
1637,2025-01-18,Store_Delhi,Smartphone,Electronics,66.78,15000.0,1001685.45,RandomForest
1638,2025-01-19,Store_Delhi,Smartphone,Electronics,64.84,15000.0,972560.35,RandomForest
1639,2025-01-20,Store_Delhi,Smartphone,Electronics,53.39,15000.0,800847.53,RandomForest
1640,2025-01-21,Store_Delhi,Smartphone,Electronics,54.57,15000.0,818519.67,RandomForest
1641,2025-01-22,Store_Delhi,Smartphone,Electronics,54.57,15000.0,818519.67,RandomForest
1642,2025-01-23,Store_Delhi,Smartphone,Electronics,54.57,15000.0,818519.67,RandomForest
1643,2025-01-24,Store_Delhi,Smartphone,Electronics,54.57,15000.0,818519.67,RandomForest
1644,2025-01-25,Store_Delhi,Smartphone,Electronics,66.82,15000.0,1002323.8,RandomForest
1645,2025-01-26,Store_Delhi,Smartphone,Electronics,65.04,15000.0,975609.51,RandomForest
1646,2025-01-27,Store_Delhi,Smartphone,Electronics,53.43,15000.0,801428.03,RandomForest
1647,2025-01-28,Store_Delhi,Smartphone,Electronics,54.27,15000.0,814031.58,RandomForest
1648,2025-01-29,Store_Delhi,Smartphone,Electronics,54.05,15000.0,810737.11,RandomForest
1649,2025-01-30,Store_Delhi,Smartphone,Electronics,50.16,15000.0,752360.57,RandomForest
1650,2025-01-01,Store_Delhi,Sports Shoes,Clothing,41.9,1999.0,83748.77,RandomForest
1651,2025-01-02,Store_Delhi,Sports Shoes,Clothing,42.84,1999.0,85630.69,RandomForest
1652,2025-01-03,Store_Delhi,Sports Shoes,Clothing,42.84,1999.0,85630.69,RandomForest
1653,2025-01-04,Store_Delhi,Sports Shoes,Clothing,53.67,1999.0,107289.3,RandomForest
1654,2025-01-05,Store_Delhi,Sports Shoes,Clothing,53.06,1999.0,106058.6,RandomForest
1655,2025-01-06,Store_Delhi,Sports Shoes,Clothing,43.49,1999.0,86942.06,RandomForest
1656,2025-01-07,Store_Delhi,Sports Shoes,Clothing,44.77,1999.0,89501.67,RandomForest
1657,2025-01-08,Store_Delhi,Sports Shoes,Clothing,44.94,1999.0,89827.97,RandomForest
1658,2025-01-09,Store_Delhi,Sports Shoes,Clothing,44.94,1999.0,89827.97,RandomForest
1659,2025-01-10,Store_Delhi,Sports Shoes,Clothing,45.37,1999.0,90697.65,RandomForest
1660,2025-01-11,Store_Delhi,Sports Shoes,Clothing,54.69,1999.0,109331.19,RandomForest
1661,2025-01-12,Store_Delhi,Sports Shoes,Clothing,53.92,1999.0,107785.69,RandomForest
1662,2025-01-13,Store_Delhi,Sports Shoes,Clothing,44.35,1999.0,88650.29,RandomForest
1663,2025-01-14,Store_Delhi,Sports Shoes,Clothing,45.53,1999.0,91008.52,RandomForest
1664,2025-01-15,Store_Delhi,Sports Shoes,Clothing,45.43,1999.0,90809.54,RandomForest
1665,2025-01-16,Store_Delhi,Sports Shoes,Clothing,45.43,1999.0,90809.54,RandomForest
1666,2025-01-17,Store_Delhi,Sports Shoes,Clothing,45.43,1999.0,90809.54,RandomForest
1667,2025-01-18,Store_Delhi,Sports Shoes,Clothing,54.75,1999.0,109443.08,RandomForest
1668,2025-01-19,Store_Delhi,Sports Shoes,Clothing,53.98,1999.0,107897.59,RandomForest
1669,2025-01-20,Store_Delhi,Sports Shoes,Clothing,44.25,1999.0,88451.31,RandomForest
1670,2025-01-21,Store_Delhi,Sports Shoes,Clothing,45.47,1999.0,90886.9,RandomForest
1671,2025-01-22,Store_Delhi,Sports Shoes,Clothing,45.47,1999.0,90886.9,RandomForest
1672,2025-01-23,Store_Delhi,Sports Shoes,Clothing,45.47,1999.0,90886.9,RandomForest
1673,2025-01-24,Store_Delhi,Sports Shoes,Clothing,45.47,1999.0,90886.9,RandomForest
1674,2025-01-25,Store_Delhi,Sports Shoes,Clothing,54.79,1999.0,109528.18,RandomForest
1675,2025-01-26,Store_Delhi,Sports Shoes,Clothing,54.18,1999.0,108303.98,RandomForest
1676,2025-01-27,Store_Delhi,Sports Shoes,Clothing,44.29,1999.0,88528.67,RandomForest
1677,2025-01-28,Store_Delhi,Sports Shoes,Clothing,45.32,1999.0,90597.47,RandomForest
1678,2025-01-29,Store_Delhi,Sports Shoes,Clothing,45.32,1999.0,90597.47,RandomForest
1679,2025-01-30,Store_Delhi,Sports Shoes,Clothing,41.43,1999.0,82817.82,RandomForest
1680,2025-01-01,Store_Delhi,Toothpaste,Personal Care,299.98,80.0,23998.63,RandomForest
1681,2025-01-02,Store_Delhi,Toothpaste,Personal Care,301.67,80.0,24133.87,RandomForest
1682,2025-01-03,Store_Delhi,Toothpaste,Personal Care,303.56,80.0,24284.78,RandomForest
1683,2025-01-04,Store_Delhi,Toothpaste,Personal Care,386.58,80.0,30926.4,RandomForest
1684,2025-01-05,Store_Delhi,Toothpaste,Personal Care,395.0,80.0,31600.1,RandomForest
1685,2025-01-06,Store_Delhi,Toothpaste,Personal Care,304.28,80.0,24342.69,RandomForest
1686,2025-01-07,Store_Delhi,Toothpaste,Personal Care,302.9,80.0,24231.8,RandomForest
1687,2025-01-08,Store_Delhi,Toothpaste,Personal Care,302.91,80.0,24232.73,RandomForest
1688,2025-01-09,Store_Delhi,Toothpaste,Personal Care,306.86,80.0,24548.5,RandomForest
1689,2025-01-10,Store_Delhi,Toothpaste,Personal Care,306.37,80.0,24509.74,RandomForest
1690,2025-01-11,Store_Delhi,Toothpaste,Personal Care,386.61,80.0,30928.51,RandomForest
1691,2025-01-12,Store_Delhi,Toothpaste,Personal Care,395.13,80.0,31610.37,RandomForest
1692,2025-01-13,Store_Delhi,Toothpaste,Personal Care,306.81,80.0,24544.92,RandomForest
1693,2025-01-14,Store_Delhi,Toothpaste,Personal Care,308.85,80.0,24708.25,RandomForest
1694,2025-01-15,Store_Delhi,Toothpaste,Personal Care,308.85,80.0,24708.25,RandomForest
1695,2025-01-16,Store_Delhi,Toothpaste,Personal Care,308.31,80.0,24665.03,RandomForest
1696,2025-01-17,Store_Delhi,Toothpaste,Personal Care,308.31,80.0,24665.03,RandomForest
1697,2025-01-18,Store_Delhi,Toothpaste,Personal Care,387.03,80.0,30962.4,RandomForest
1698,2025-01-19,Store_Delhi,Toothpaste,Personal Care,395.55,80.0,31644.26,RandomForest
1699,2025-01-20,Store_Delhi,Toothpaste,Personal Care,308.76,80.0,24700.49,RandomForest
1700,2025-01-21,Store_Delhi,Toothpaste,Personal Care,310.98,80.0,24878.32,RandomForest
1701,2025-01-22,Store_Delhi,Toothpaste,Personal Care,311.33,80.0,24906.37,RandomForest
1702,2025-01-23,Store_Delhi,Toothpaste,Personal Care,309.67,80.0,24773.41,RandomForest
1703,2025-01-24,Store_Delhi,Toothpaste,Personal Care,309.67,80.0,24773.41,RandomForest
1704,2025-01-25,Store_Delhi,Toothpaste,Personal Care,392.39,80.0,31391.24,RandomForest
1705,2025-01-26,Store_Delhi,Toothpaste,Personal Care,395.66,80.0,31652.93,RandomForest
1706,2025-01-27,Store_Delhi,Toothpaste,Personal Care,310.11,80.0,24808.87,RandomForest
1707,2025-01-28,Store_Delhi,Toothpaste,Personal Care,312.8,80.0,25023.73,RandomForest
1708,2025-01-29,Store_Delhi,Toothpaste,Personal Care,312.62,80.0,25009.46,RandomForest
1709,2025-01-30,Store_Delhi,Toothpaste,Personal Care,320.87,80.0,25669.91,RandomForest
1710,2025-01-01,Store_Delhi,Water Bottle,Home & Kitchen,106.21,350.0,37174.63,RandomForest
1711,2025-01-02,Store_Delhi,Water Bottle,Home & Kitchen,104.44,350.0,36555.54,RandomForest
1712,2025-01-03,Store_Delhi,Water Bottle,Home & Kitchen,105.16,350.0,36805.29,RandomForest
1713,2025-01-04,Store_Delhi,Water Bottle,Home & Kitchen,129.77,350.0,45418.37,RandomForest
1714,2025-01-05,Store_Delhi,Water Bottle,Home & Kitchen,128.72,350.0,45053.48,RandomForest
1715,2025-01-06,Store_Delhi,Water Bottle,Home & Kitchen,105.48,350.0,36919.14,RandomForest
1716,2025-01-07,Store_Delhi,Water Bottle,Home & Kitchen,108.6,350.0,38008.78,RandomForest
1717,2025-01-08,Store_Delhi,Water Bottle,Home & Kitchen,108.76,350.0,38065.91,RandomForest
1718,2025-01-09,Store_Delhi,Water Bottle,Home & Kitchen,108.63,350.0,38020.85,RandomForest
1719,2025-01-10,Store_Delhi,Water Bottle,Home & Kitchen,108.5,350.0,37974.59,RandomForest
1720,2025-01-11,Store_Delhi,Water Bottle,Home & Kitchen,130.19,350.0,45565.89,RandomForest
1721,2025-01-12,Store_Delhi,Water Bottle,Home & Kitchen,128.99,350.0,45145.88,RandomForest
1722,2025-01-13,Store_Delhi,Water Bottle,Home & Kitchen,105.77,350.0,37019.7,RandomForest
1723,2025-01-14,Store_Delhi,Water Bottle,Home & Kitchen,108.23,350.0,37881.44,RandomForest
1724,2025-01-15,Store_Delhi,Water Bottle,Home & Kitchen,108.23,350.0,37881.44,RandomForest
1725,2025-01-16,Store_Delhi,Water Bottle,Home & Kitchen,108.1,350.0,37836.37,RandomForest
1726,2025-01-17,Store_Delhi,Water Bottle,Home & Kitchen,108.1,350.0,37836.37,RandomForest
1727,2025-01-18,Store_Delhi,Water Bottle,Home & Kitchen,129.79,350.0,45427.67,RandomForest
1728,2025-01-19,Store_Delhi,Water Bottle,Home & Kitchen,128.59,350.0,45007.66,RandomForest
1729,2025-01-20,Store_Delhi,Water Bottle,Home & Kitchen,105.77,350.0,37019.7,RandomForest
1730,2025-01-21,Store_Delhi,Water Bottle,Home & Kitchen,108.27,350.0,37894.98,RandomForest
1731,2025-01-22,Store_Delhi,Water Bottle,Home & Kitchen,108.27,350.0,37894.98,RandomForest
1732,2025-01-23,Store_Delhi,Water Bottle,Home & Kitchen,108.14,350.0,37849.92,RandomForest
1733,2025-01-24,Store_Delhi,Water Bottle,Home & Kitchen,108.14,350.0,37849.92,RandomForest
1734,2025-01-25,Store_Delhi,Water Bottle,Home & Kitchen,129.84,350.0,45442.57,RandomForest
1735,2025-01-26,Store_Delhi,Water Bottle,Home & Kitchen,128.8,350.0,45078.82,RandomForest
1736,2025-01-27,Store_Delhi,Water Bottle,Home & Kitchen,105.81,350.0,37033.25,RandomForest
1737,2025-01-28,Store_Delhi,Water Bottle,Home & Kitchen,107.95,350.0,37781.66,RandomForest
1738,2025-01-29,Store_Delhi,Water Bottle,Home & Kitchen,107.95,350.0,37781.66,RandomForest
1739,2025-01-30,Store_Delhi,Water Bottle,Home & Kitchen,103.55,350.0,36242.83,RandomForest
1740,2025-01-01,Store_Delhi,Wheat Flour (5kg),Grocery,211.69,200.0,42338.49,RandomForest
1741,2025-01-02,Store_Delhi,Wheat Flour (5kg),Grocery,208.62,200.0,41723.42,RandomForest
1742,2025-01-03,Store_Delhi,Wheat Flour (5kg),Grocery,214.14,200.0,42827.3,RandomForest
1743,2025-01-04,Store_Delhi,Wheat Flour (5kg),Grocery,274.59,200.0,54918.86,RandomForest
1744,2025-01-05,Store_Delhi,Wheat Flour (5kg),Grocery,277.74,200.0,55547.11,RandomForest
1745,2025-01-06,Store_Delhi,Wheat Flour (5kg),Grocery,213.03,200.0,42606.85,RandomForest
1746,2025-01-07,Store_Delhi,Wheat Flour (5kg),Grocery,211.15,200.0,42229.9,RandomForest
1747,2025-01-08,Store_Delhi,Wheat Flour (5kg),Grocery,211.32,200.0,42264.87,RandomForest
1748,2025-01-09,Store_Delhi,Wheat Flour (5kg),Grocery,215.43,200.0,43085.26,RandomForest
1749,2025-01-10,Store_Delhi,Wheat Flour (5kg),Grocery,219.95,200.0,43989.48,RandomForest
1750,2025-01-11,Store_Delhi,Wheat Flour (5kg),Grocery,275.76,200.0,55151.29,RandomForest
1751,2025-01-12,Store_Delhi,Wheat Flour (5kg),Grocery,278.74,200.0,55748.04,RandomForest
1752,2025-01-13,Store_Delhi,Wheat Flour (5kg),Grocery,221.39,200.0,44277.16,RandomForest
1753,2025-01-14,Store_Delhi,Wheat Flour (5kg),Grocery,222.11,200.0,44421.16,RandomForest
1754,2025-01-15,Store_Delhi,Wheat Flour (5kg),Grocery,222.11,200.0,44421.16,RandomForest
1755,2025-01-16,Store_Delhi,Wheat Flour (5kg),Grocery,221.41,200.0,44281.4,RandomForest
1756,2025-01-17,Store_Delhi,Wheat Flour (5kg),Grocery,221.41,200.0,44281.4,RandomForest
1757,2025-01-18,Store_Delhi,Wheat Flour (5kg),Grocery,277.22,200.0,55443.21,RandomForest
1758,2025-01-19,Store_Delhi,Wheat Flour (5kg),Grocery,280.2,200.0,56039.96,RandomForest
1759,2025-01-20,Store_Delhi,Wheat Flour (5kg),Grocery,222.09,200.0,44417.42,RandomForest
1760,2025-01-21,Store_Delhi,Wheat Flour (5kg),Grocery,223.84,200.0,44767.03,RandomForest
1761,2025-01-22,Store_Delhi,Wheat Flour (5kg),Grocery,223.84,200.0,44767.03,RandomForest
1762,2025-01-23,Store_Delhi,Wheat Flour (5kg),Grocery,222.44,200.0,44487.01,RandomForest
1763,2025-01-24,Store_Delhi,Wheat Flour (5kg),Grocery,222.44,200.0,44487.01,RandomForest
1764,2025-01-25,Store_Delhi,Wheat Flour (5kg),Grocery,279.62,200.0,55923.25,RandomForest
1765,2025-01-26,Store_Delhi,Wheat Flour (5kg),Grocery,285.29,200.0,57057.23,RandomForest
1766,2025-01-27,Store_Delhi,Wheat Flour (5kg),Grocery,225.64,200.0,45128.12,RandomForest
1767,2025-01-28,Store_Delhi,Wheat Flour (5kg),Grocery,226.36,200.0,45272.11,RandomForest
1768,2025-01-29,Store_Delhi,Wheat Flour (5kg),Grocery,226.36,200.0,45272.11,RandomForest
1769,2025-01-30,Store_Delhi,Wheat Flour (5kg),Grocery,221.47,200.0,44294.82,RandomForest
1770,2025-01-01,Store_Delhi,Women Kurti,Clothing,78.91,899.0,70942.29,RandomForest
1771,2025-01-02,Store_Delhi,Women Kurti,Clothing,79.87,899.0,71804.74,RandomForest
1772,2025-01-03,Store_Delhi,Women Kurti,Clothing,79.87,899.0,71804.74,RandomForest
1773,2025-01-04,Store_Delhi,Women Kurti,Clothing,102.68,899.0,92311.08,RandomForest
1774,2025-01-05,Store_Delhi,Women Kurti,Clothing,100.9,899.0,90707.09,RandomForest
1775,2025-01-06,Store_Delhi,Women Kurti,Clothing,81.15,899.0,72950.06,RandomForest
1776,2025-01-07,Store_Delhi,Women Kurti,Clothing,83.3,899.0,74882.61,RandomForest
1777,2025-01-08,Store_Delhi,Women Kurti,Clothing,83.46,899.0,75029.35,RandomForest
1778,2025-01-09,Store_Delhi,Women Kurti,Clothing,83.33,899.0,74913.61,RandomForest
1779,2025-01-10,Store_Delhi,Women Kurti,Clothing,83.76,899.0,75304.72,RandomForest
1780,2025-01-11,Store_Delhi,Women Kurti,Clothing,103.7,899.0,93229.37,RandomForest
1781,2025-01-12,Store_Delhi,Women Kurti,Clothing,101.76,899.0,91483.81,RandomForest
1782,2025-01-13,Store_Delhi,Women Kurti,Clothing,82.0,899.0,73718.29,RandomForest
1783,2025-01-14,Store_Delhi,Women Kurti,Clothing,84.05,899.0,75560.27,RandomForest
1784,2025-01-15,Store_Delhi,Women Kurti,Clothing,84.05,899.0,75560.27,RandomForest
1785,2025-01-16,Store_Delhi,Women Kurti,Clothing,83.92,899.0,75444.52,RandomForest
1786,2025-01-17,Store_Delhi,Women Kurti,Clothing,83.92,899.0,75444.52,RandomForest
1787,2025-01-18,Store_Delhi,Women Kurti,Clothing,103.86,899.0,93369.17,RandomForest
1788,2025-01-19,Store_Delhi,Women Kurti,Clothing,101.92,899.0,91623.61,RandomForest
1789,2025-01-20,Store_Delhi,Women Kurti,Clothing,82.0,899.0,73718.29,RandomForest
1790,2025-01-21,Store_Delhi,Women Kurti,Clothing,84.09,899.0,75595.05,RandomForest
1791,2025-01-22,Store_Delhi,Women Kurti,Clothing,84.09,899.0,75595.05,RandomForest
1792,2025-01-23,Store_Delhi,Women Kurti,Clothing,83.96,899.0,75479.31,RandomForest
1793,2025-01-24,Store_Delhi,Women Kurti,Clothing,83.96,899.0,75479.31,RandomForest
1794,2025-01-25,Store_Delhi,Women Kurti,Clothing,103.9,899.0,93407.43,RandomForest
1795,2025-01-26,Store_Delhi,Women Kurti,Clothing,102.12,899.0,91806.36,RandomForest
1796,2025-01-27,Store_Delhi,Women Kurti,Clothing,82.04,899.0,73753.08,RandomForest
1797,2025-01-28,Store_Delhi,Women Kurti,Clothing,83.78,899.0,75313.75,RandomForest
1798,2025-01-29,Store_Delhi,Women Kurti,Clothing,82.92,899.0,74548.64,RandomForest
1799,2025-01-30,Store_Delhi,Women Kurti,Clothing,78.53,899.0,70596.07,RandomForest
1800,2025-01-01,Store_Hyderabad,Cooking Oil (1L),Grocery,182.94,150.0,27440.6,RandomForest
1801,2025-01-02,Store_Hyderabad,Cooking Oil (1L),Grocery,183.84,150.0,27576.37,RandomForest
1802,2025-01-03,Store_Hyderabad,Cooking Oil (1L),Grocery,188.8,150.0,28319.89,RandomForest
1803,2025-01-04,Store_Hyderabad,Cooking Oil (1L),Grocery,235.2,150.0,35279.52,RandomForest
1804,2025-01-05,Store_Hyderabad,Cooking Oil (1L),Grocery,234.56,150.0,35183.77,RandomForest
1805,2025-01-06,Store_Hyderabad,Cooking Oil (1L),Grocery,191.83,150.0,28774.1,RandomForest
1806,2025-01-07,Store_Hyderabad,Cooking Oil (1L),Grocery,192.0,150.0,28799.32,RandomForest
1807,2025-01-08,Store_Hyderabad,Cooking Oil (1L),Grocery,192.16,150.0,28823.8,RandomForest
1808,2025-01-09,Store_Hyderabad,Cooking Oil (1L),Grocery,192.03,150.0,28804.49,RandomForest
1809,2025-01-10,Store_Hyderabad,Cooking Oil (1L),Grocery,192.75,150.0,28912.05,RandomForest
1810,2025-01-11,Store_Hyderabad,Cooking Oil (1L),Grocery,235.62,150.0,35342.74,RandomForest
1811,2025-01-12,Store_Hyderabad,Cooking Oil (1L),Grocery,234.82,150.0,35223.37,RandomForest
1812,2025-01-13,Store_Hyderabad,Cooking Oil (1L),Grocery,192.96,150.0,28944.59,RandomForest
1813,2025-01-14,Store_Hyderabad,Cooking Oil (1L),Grocery,193.03,150.0,28954.69,RandomForest
1814,2025-01-15,Store_Hyderabad,Cooking Oil (1L),Grocery,193.03,150.0,28954.69,RandomForest
1815,2025-01-16,Store_Hyderabad,Cooking Oil (1L),Grocery,193.6,150.0,29040.57,RandomForest
1816,2025-01-17,Store_Hyderabad,Cooking Oil (1L),Grocery,193.6,150.0,29040.57,RandomForest
1817,2025-01-18,Store_Hyderabad,Cooking Oil (1L),Grocery,236.48,150.0,35471.26,RandomForest
1818,2025-01-19,Store_Hyderabad,Cooking Oil (1L),Grocery,235.68,150.0,35351.89,RandomForest
1819,2025-01-20,Store_Hyderabad,Cooking Oil (1L),Grocery,193.67,150.0,29049.78,RandomForest
1820,2025-01-21,Store_Hyderabad,Cooking Oil (1L),Grocery,194.17,150.0,29125.07,RandomForest
1821,2025-01-22,Store_Hyderabad,Cooking Oil (1L),Grocery,194.17,150.0,29125.07,RandomForest
1822,2025-01-23,Store_Hyderabad,Cooking Oil (1L),Grocery,194.04,150.0,29105.76,RandomForest
1823,2025-01-24,Store_Hyderabad,Cooking Oil (1L),Grocery,194.04,150.0,29105.76,RandomForest
1824,2025-01-25,Store_Hyderabad,Cooking Oil (1L),Grocery,237.65,150.0,35647.06,RandomForest
1825,2025-01-26,Store_Hyderabad,Cooking Oil (1L),Grocery,237.01,150.0,35551.79,RandomForest
1826,2025-01-27,Store_Hyderabad,Cooking Oil (1L),Grocery,194.1,150.0,29114.97,RandomForest
1827,2025-01-28,Store_Hyderabad,Cooking Oil (1L),Grocery,194.17,150.0,29125.07,RandomForest
1828,2025-01-29,Store_Hyderabad,Cooking Oil (1L),Grocery,194.17,150.0,29125.07,RandomForest
1829,2025-01-30,Store_Hyderabad,Cooking Oil (1L),Grocery,183.38,150.0,27506.26,RandomForest
1830,2025-01-01,Store_Hyderabad,Dal (1kg),Grocery,244.26,120.0,29311.41,RandomForest
1831,2025-01-02,Store_Hyderabad,Dal (1kg),Grocery,242.16,120.0,29058.68,RandomForest
1832,2025-01-03,Store_Hyderabad,Dal (1kg),Grocery,246.62,120.0,29594.36,RandomForest
1833,2025-01-04,Store_Hyderabad,Dal (1kg),Grocery,322.03,120.0,38643.36,RandomForest
1834,2025-01-05,Store_Hyderabad,Dal (1kg),Grocery,326.98,120.0,39237.43,RandomForest
1835,2025-01-06,Store_Hyderabad,Dal (1kg),Grocery,248.84,120.0,29861.37,RandomForest
1836,2025-01-07,Store_Hyderabad,Dal (1kg),Grocery,246.81,120.0,29617.41,RandomForest
1837,2025-01-08,Store_Hyderabad,Dal (1kg),Grocery,246.99,120.0,29638.39,RandomForest
1838,2025-01-09,Store_Hyderabad,Dal (1kg),Grocery,252.06,120.0,30246.93,RandomForest
1839,2025-01-10,Store_Hyderabad,Dal (1kg),Grocery,252.72,120.0,30326.51,RandomForest
1840,2025-01-11,Store_Hyderabad,Dal (1kg),Grocery,322.48,120.0,38697.25,RandomForest
1841,2025-01-12,Store_Hyderabad,Dal (1kg),Grocery,327.27,120.0,39272.42,RandomForest
1842,2025-01-13,Store_Hyderabad,Dal (1kg),Grocery,253.34,120.0,30401.17,RandomForest
1843,2025-01-14,Store_Hyderabad,Dal (1kg),Grocery,259.06,120.0,31087.06,RandomForest
1844,2025-01-15,Store_Hyderabad,Dal (1kg),Grocery,259.06,120.0,31087.06,RandomForest
1845,2025-01-16,Store_Hyderabad,Dal (1kg),Grocery,259.75,120.0,31169.96,RandomForest
1846,2025-01-17,Store_Hyderabad,Dal (1kg),Grocery,258.69,120.0,31043.33,RandomForest
1847,2025-01-18,Store_Hyderabad,Dal (1kg),Grocery,326.93,120.0,39231.96,RandomForest
1848,2025-01-19,Store_Hyderabad,Dal (1kg),Grocery,331.73,120.0,39807.13,RandomForest
1849,2025-01-20,Store_Hyderabad,Dal (1kg),Grocery,259.61,120.0,31153.06,RandomForest
1850,2025-01-21,Store_Hyderabad,Dal (1kg),Grocery,258.45,120.0,31014.31,RandomForest
1851,2025-01-22,Store_Hyderabad,Dal (1kg),Grocery,258.27,120.0,30992.95,RandomForest
1852,2025-01-23,Store_Hyderabad,Dal (1kg),Grocery,257.84,120.0,30941.25,RandomForest
1853,2025-01-24,Store_Hyderabad,Dal (1kg),Grocery,256.79,120.0,30814.61,RandomForest
1854,2025-01-25,Store_Hyderabad,Dal (1kg),Grocery,327.49,120.0,39299.02,RandomForest
1855,2025-01-26,Store_Hyderabad,Dal (1kg),Grocery,332.45,120.0,39893.48,RandomForest
1856,2025-01-27,Store_Hyderabad,Dal (1kg),Grocery,257.7,120.0,30924.35,RandomForest
1857,2025-01-28,Store_Hyderabad,Dal (1kg),Grocery,258.27,120.0,30992.95,RandomForest
1858,2025-01-29,Store_Hyderabad,Dal (1kg),Grocery,257.36,120.0,30883.56,RandomForest
1859,2025-01-30,Store_Hyderabad,Dal (1kg),Grocery,256.12,120.0,30734.43,RandomForest
1860,2025-01-01,Store_Hyderabad,Earbuds,Electronics,96.45,2500.0,241132.37,RandomForest
1861,2025-01-02,Store_Hyderabad,Earbuds,Electronics,97.36,2500.0,243395.21,RandomForest
1862,2025-01-03,Store_Hyderabad,Earbuds,Electronics,104.78,2500.0,261955.78,RandomForest
1863,2025-01-04,Store_Hyderabad,Earbuds,Electronics,149.26,2500.0,373144.68,RandomForest
1864,2025-01-05,Store_Hyderabad,Earbuds,Electronics,147.55,2500.0,368871.35,RandomForest
1865,2025-01-06,Store_Hyderabad,Earbuds,Electronics,117.82,2500.0,294545.84,RandomForest
1866,2025-01-07,Store_Hyderabad,Earbuds,Electronics,122.17,2500.0,305429.55,RandomForest
1867,2025-01-08,Store_Hyderabad,Earbuds,Electronics,122.34,2500.0,305837.63,RandomForest
1868,2025-01-09,Store_Hyderabad,Earbuds,Electronics,122.21,2500.0,305515.77,RandomForest
1869,2025-01-10,Store_Hyderabad,Earbuds,Electronics,123.23,2500.0,308067.97,RandomForest
1870,2025-01-11,Store_Hyderabad,Earbuds,Electronics,154.14,2500.0,385347.06,RandomForest
1871,2025-01-12,Store_Hyderabad,Earbuds,Electronics,151.97,2500.0,379926.53,RandomForest
1872,2025-01-13,Store_Hyderabad,Earbuds,Electronics,120.31,2500.0,300767.57,RandomForest
1873,2025-01-14,Store_Hyderabad,Earbuds,Electronics,123.51,2500.0,308778.61,RandomForest
1874,2025-01-15,Store_Hyderabad,Earbuds,Electronics,123.51,2500.0,308778.61,RandomForest
1875,2025-01-16,Store_Hyderabad,Earbuds,Electronics,123.38,2500.0,308456.75,RandomForest
1876,2025-01-17,Store_Hyderabad,Earbuds,Electronics,123.38,2500.0,308456.75,RandomForest
1877,2025-01-18,Store_Hyderabad,Earbuds,Electronics,154.68,2500.0,386710.59,RandomForest
1878,2025-01-19,Store_Hyderabad,Earbuds,Electronics,152.52,2500.0,381290.05,RandomForest
1879,2025-01-20,Store_Hyderabad,Earbuds,Electronics,120.7,2500.0,301742.31,RandomForest
1880,2025-01-21,Store_Hyderabad,Earbuds,Electronics,124.01,2500.0,310029.75,RandomForest
1881,2025-01-22,Store_Hyderabad,Earbuds,Electronics,124.01,2500.0,310029.75,RandomForest
1882,2025-01-23,Store_Hyderabad,Earbuds,Electronics,123.88,2500.0,309707.89,RandomForest
1883,2025-01-24,Store_Hyderabad,Earbuds,Electronics,123.88,2500.0,309707.89,RandomForest
1884,2025-01-25,Store_Hyderabad,Earbuds,Electronics,155.53,2500.0,388830.3,RandomForest
1885,2025-01-26,Store_Hyderabad,Earbuds,Electronics,153.52,2500.0,383811.57,RandomForest
1886,2025-01-27,Store_Hyderabad,Earbuds,Electronics,120.81,2500.0,302018.72,RandomForest
1887,2025-01-28,Store_Hyderabad,Earbuds,Electronics,123.87,2500.0,309667.8,RandomForest
1888,2025-01-29,Store_Hyderabad,Earbuds,Electronics,123.87,2500.0,309667.8,RandomForest
1889,2025-01-30,Store_Hyderabad,Earbuds,Electronics,113.76,2500.0,284410.25,RandomForest
1890,2025-01-01,Store_Hyderabad,Face Wash,Personal Care,169.58,120.0,20349.93,RandomForest
1891,2025-01-02,Store_Hyderabad,Face Wash,Personal Care,170.49,120.0,20458.55,RandomForest
1892,2025-01-03,Store_Hyderabad,Face Wash,Personal Care,171.78,120.0,20613.18,RandomForest
1893,2025-01-04,Store_Hyderabad,Face Wash,Personal Care,224.9,120.0,26987.56,RandomForest
1894,2025-01-05,Store_Hyderabad,Face Wash,Personal Care,222.9,120.0,26747.91,RandomForest
1895,2025-01-06,Store_Hyderabad,Face Wash,Personal Care,175.09,120.0,21011.18,RandomForest
1896,2025-01-07,Store_Hyderabad,Face Wash,Personal Care,176.45,120.0,21174.27,RandomForest
1897,2025-01-08,Store_Hyderabad,Face Wash,Personal Care,176.62,120.0,21193.85,RandomForest
1898,2025-01-09,Store_Hyderabad,Face Wash,Personal Care,176.49,120.0,21178.41,RandomForest
1899,2025-01-10,Store_Hyderabad,Face Wash,Personal Care,177.51,120.0,21300.91,RandomForest
1900,2025-01-11,Store_Hyderabad,Face Wash,Personal Care,225.32,120.0,27038.14,RandomForest
1901,2025-01-12,Store_Hyderabad,Face Wash,Personal Care,223.16,120.0,26779.59,RandomForest
1902,2025-01-13,Store_Hyderabad,Face Wash,Personal Care,176.53,120.0,21184.03,RandomForest
1903,2025-01-14,Store_Hyderabad,Face Wash,Personal Care,177.79,120.0,21335.02,RandomForest
1904,2025-01-15,Store_Hyderabad,Face Wash,Personal Care,177.79,120.0,21335.02,RandomForest
1905,2025-01-16,Store_Hyderabad,Face Wash,Personal Care,178.08,120.0,21370.02,RandomForest
1906,2025-01-17,Store_Hyderabad,Face Wash,Personal Care,178.08,120.0,21370.02,RandomForest
1907,2025-01-18,Store_Hyderabad,Face Wash,Personal Care,225.89,120.0,27107.25,RandomForest
1908,2025-01-19,Store_Hyderabad,Face Wash,Personal Care,223.74,120.0,26848.7,RandomForest
1909,2025-01-20,Store_Hyderabad,Face Wash,Personal Care,176.95,120.0,21234.47,RandomForest
1910,2025-01-21,Store_Hyderabad,Face Wash,Personal Care,178.32,120.0,21398.74,RandomForest
1911,2025-01-22,Store_Hyderabad,Face Wash,Personal Care,178.32,120.0,21398.74,RandomForest
1912,2025-01-23,Store_Hyderabad,Face Wash,Personal Care,178.19,120.0,21383.29,RandomForest
1913,2025-01-24,Store_Hyderabad,Face Wash,Personal Care,178.19,120.0,21383.29,RandomForest
1914,2025-01-25,Store_Hyderabad,Face Wash,Personal Care,226.74,120.0,27208.99,RandomForest
1915,2025-01-26,Store_Hyderabad,Face Wash,Personal Care,224.75,120.0,26969.73,RandomForest
1916,2025-01-27,Store_Hyderabad,Face Wash,Personal Care,177.06,120.0,21247.74,RandomForest
1917,2025-01-28,Store_Hyderabad,Face Wash,Personal Care,178.32,120.0,21398.74,RandomForest
1918,2025-01-29,Store_Hyderabad,Face Wash,Personal Care,177.41,120.0,21289.34,RandomForest
1919,2025-01-30,Store_Hyderabad,Face Wash,Personal Care,166.67,120.0,20000.4,RandomForest
1920,2025-01-01,Store_Hyderabad,Kids Jeans,Clothing,57.42,799.0,45880.0,RandomForest
1921,2025-01-02,Store_Hyderabad,Kids Jeans,Clothing,58.38,799.0,46646.51,RandomForest
1922,2025-01-03,Store_Hyderabad,Kids Jeans,Clothing,58.38,799.0,46646.51,RandomForest
1923,2025-01-04,Store_Hyderabad,Kids Jeans,Clothing,73.49,799.0,58717.92,RandomForest
1924,2025-01-05,Store_Hyderabad,Kids Jeans,Clothing,72.87,799.0,58226.03,RandomForest
1925,2025-01-06,Store_Hyderabad,Kids Jeans,Clothing,59.02,799.0,47156.35,RandomForest
1926,2025-01-07,Store_Hyderabad,Kids Jeans,Clothing,60.45,799.0,48296.61,RandomForest
1927,2025-01-08,Store_Hyderabad,Kids Jeans,Clothing,60.61,799.0,48427.03,RandomForest
1928,2025-01-09,Store_Hyderabad,Kids Jeans,Clothing,60.48,799.0,48324.17,RandomForest
1929,2025-01-10,Store_Hyderabad,Kids Jeans,Clothing,60.92,799.0,48671.77,RandomForest
1930,2025-01-11,Store_Hyderabad,Kids Jeans,Clothing,74.51,799.0,59534.06,RandomForest
1931,2025-01-12,Store_Hyderabad,Kids Jeans,Clothing,73.74,799.0,58916.34,RandomForest
1932,2025-01-13,Store_Hyderabad,Kids Jeans,Clothing,59.87,799.0,47839.13,RandomForest
1933,2025-01-14,Store_Hyderabad,Kids Jeans,Clothing,61.2,799.0,48898.9,RandomForest
1934,2025-01-15,Store_Hyderabad,Kids Jeans,Clothing,61.1,799.0,48819.37,RandomForest
1935,2025-01-16,Store_Hyderabad,Kids Jeans,Clothing,60.97,799.0,48716.5,RandomForest
1936,2025-01-17,Store_Hyderabad,Kids Jeans,Clothing,60.97,799.0,48716.5,RandomForest
1937,2025-01-18,Store_Hyderabad,Kids Jeans,Clothing,74.57,799.0,59578.78,RandomForest
1938,2025-01-19,Store_Hyderabad,Kids Jeans,Clothing,73.79,799.0,58961.06,RandomForest
1939,2025-01-20,Store_Hyderabad,Kids Jeans,Clothing,59.77,799.0,47759.6,RandomForest
1940,2025-01-21,Store_Hyderabad,Kids Jeans,Clothing,61.14,799.0,48850.29,RandomForest
1941,2025-01-22,Store_Hyderabad,Kids Jeans,Clothing,61.14,799.0,48850.29,RandomForest
1942,2025-01-23,Store_Hyderabad,Kids Jeans,Clothing,61.01,799.0,48747.42,RandomForest
1943,2025-01-24,Store_Hyderabad,Kids Jeans,Clothing,61.01,799.0,48747.42,RandomForest
1944,2025-01-25,Store_Hyderabad,Kids Jeans,Clothing,74.61,799.0,59612.79,RandomForest
1945,2025-01-26,Store_Hyderabad,Kids Jeans,Clothing,74.0,799.0,59123.48,RandomForest
1946,2025-01-27,Store_Hyderabad,Kids Jeans,Clothing,59.81,799.0,47790.52,RandomForest
1947,2025-01-28,Store_Hyderabad,Kids Jeans,Clothing,60.84,799.0,48611.22,RandomForest
1948,2025-01-29,Store_Hyderabad,Kids Jeans,Clothing,59.77,799.0,47755.73,RandomForest
1949,2025-01-30,Store_Hyderabad,Kids Jeans,Clothing,55.75,799.0,44543.34,RandomForest
1950,2025-01-01,Store_Hyderabad,Laptop,Electronics,16.71,45000.0,751808.77,RandomForest
1951,2025-01-02,Store_Hyderabad,Laptop,Electronics,17.65,45000.0,794173.16,RandomForest
1952,2025-01-03,Store_Hyderabad,Laptop,Electronics,18.22,45000.0,820050.34,RandomForest
1953,2025-01-04,Store_Hyderabad,Laptop,Electronics,26.37,45000.0,1186512.45,RandomForest
1954,2025-01-05,Store_Hyderabad,Laptop,Electronics,26.05,45000.0,1172371.07,RandomForest
1955,2025-01-06,Store_Hyderabad,Laptop,Electronics,20.57,45000.0,925778.65,RandomForest
1956,2025-01-07,Store_Hyderabad,Laptop,Electronics,21.38,45000.0,961892.17,RandomForest
1957,2025-01-08,Store_Hyderabad,Laptop,Electronics,21.54,45000.0,969237.64,RandomForest
1958,2025-01-09,Store_Hyderabad,Laptop,Electronics,21.54,45000.0,969237.64,RandomForest
1959,2025-01-10,Store_Hyderabad,Laptop,Electronics,21.97,45000.0,988815.11,RandomForest
1960,2025-01-11,Store_Hyderabad,Laptop,Electronics,28.6,45000.0,1287179.15,RandomForest
1961,2025-01-12,Store_Hyderabad,Laptop,Electronics,27.83,45000.0,1252388.19,RandomForest
1962,2025-01-13,Store_Hyderabad,Laptop,Electronics,21.58,45000.0,971122.48,RandomForest
1963,2025-01-14,Store_Hyderabad,Laptop,Electronics,22.13,45000.0,995813.31,RandomForest
1964,2025-01-15,Store_Hyderabad,Laptop,Electronics,22.13,45000.0,995813.31,RandomForest
1965,2025-01-16,Store_Hyderabad,Laptop,Electronics,22.13,45000.0,995813.31,RandomForest
1966,2025-01-17,Store_Hyderabad,Laptop,Electronics,22.13,45000.0,995813.31,RandomForest
1967,2025-01-18,Store_Hyderabad,Laptop,Electronics,28.76,45000.0,1294177.35,RandomForest
1968,2025-01-19,Store_Hyderabad,Laptop,Electronics,27.99,45000.0,1259386.4,RandomForest
1969,2025-01-20,Store_Hyderabad,Laptop,Electronics,21.58,45000.0,971122.48,RandomForest
1970,2025-01-21,Store_Hyderabad,Laptop,Electronics,22.17,45000.0,997554.82,RandomForest
1971,2025-01-22,Store_Hyderabad,Laptop,Electronics,22.17,45000.0,997554.82,RandomForest
1972,2025-01-23,Store_Hyderabad,Laptop,Electronics,22.08,45000.0,993538.97,RandomForest
1973,2025-01-24,Store_Hyderabad,Laptop,Electronics,22.08,45000.0,993538.97,RandomForest
1974,2025-01-25,Store_Hyderabad,Laptop,Electronics,28.71,45000.0,1292077.07,RandomForest
1975,2025-01-26,Store_Hyderabad,Laptop,Electronics,28.1,45000.0,1264518.73,RandomForest
1976,2025-01-27,Store_Hyderabad,Laptop,Electronics,21.53,45000.0,968848.14,RandomForest
1977,2025-01-28,Store_Hyderabad,Laptop,Electronics,21.93,45000.0,987023.65,RandomForest
1978,2025-01-29,Store_Hyderabad,Laptop,Electronics,21.93,45000.0,987023.65,RandomForest
1979,2025-01-30,Store_Hyderabad,Laptop,Electronics,18.4,45000.0,827959.3,RandomForest
1980,2025-01-01,Store_Hyderabad,Men T-Shirt,Clothing,99.27,599.0,59463.81,RandomForest
1981,2025-01-02,Store_Hyderabad,Men T-Shirt,Clothing,99.46,599.0,59573.89,RandomForest
1982,2025-01-03,Store_Hyderabad,Men T-Shirt,Clothing,100.17,599.0,60001.31,RandomForest
1983,2025-01-04,Store_Hyderabad,Men T-Shirt,Clothing,130.76,599.0,78326.53,RandomForest
1984,2025-01-05,Store_Hyderabad,Men T-Shirt,Clothing,127.24,599.0,76217.74,RandomForest
1985,2025-01-06,Store_Hyderabad,Men T-Shirt,Clothing,100.11,599.0,59968.55,RandomForest
1986,2025-01-07,Store_Hyderabad,Men T-Shirt,Clothing,103.23,599.0,61832.79,RandomForest
1987,2025-01-08,Store_Hyderabad,Men T-Shirt,Clothing,103.39,599.0,61930.57,RandomForest
1988,2025-01-09,Store_Hyderabad,Men T-Shirt,Clothing,103.26,599.0,61853.45,RandomForest
1989,2025-01-10,Store_Hyderabad,Men T-Shirt,Clothing,103.7,599.0,62114.05,RandomForest
1990,2025-01-11,Store_Hyderabad,Men T-Shirt,Clothing,129.7,599.0,77691.01,RandomForest
1991,2025-01-12,Store_Hyderabad,Men T-Shirt,Clothing,127.51,599.0,76375.86,RandomForest
1992,2025-01-13,Store_Hyderabad,Men T-Shirt,Clothing,100.97,599.0,60480.42,RandomForest
1993,2025-01-14,Store_Hyderabad,Men T-Shirt,Clothing,103.43,599.0,61954.62,RandomForest
1994,2025-01-15,Store_Hyderabad,Men T-Shirt,Clothing,103.43,599.0,61954.62,RandomForest
1995,2025-01-16,Store_Hyderabad,Men T-Shirt,Clothing,103.3,599.0,61877.5,RandomForest
1996,2025-01-17,Store_Hyderabad,Men T-Shirt,Clothing,103.3,599.0,61877.5,RandomForest
1997,2025-01-18,Store_Hyderabad,Men T-Shirt,Clothing,129.31,599.0,77454.48,RandomForest
1998,2025-01-19,Store_Hyderabad,Men T-Shirt,Clothing,127.11,599.0,76139.32,RandomForest
1999,2025-01-20,Store_Hyderabad,Men T-Shirt,Clothing,100.97,599.0,60480.42,RandomForest
2000,2025-01-21,Store_Hyderabad,Men T-Shirt,Clothing,103.47,599.0,61977.8,RandomForest
2001,2025-01-22,Store_Hyderabad,Men T-Shirt,Clothing,103.47,599.0,61977.8,RandomForest
2002,2025-01-23,Store_Hyderabad,Men T-Shirt,Clothing,103.34,599.0,61900.68,RandomForest
2003,2025-01-24,Store_Hyderabad,Men T-Shirt,Clothing,103.34,599.0,61900.68,RandomForest
2004,2025-01-25,Store_Hyderabad,Men T-Shirt,Clothing,129.35,599.0,77479.98,RandomForest
2005,2025-01-26,Store_Hyderabad,Men T-Shirt,Clothing,127.31,599.0,76261.08,RandomForest
2006,2025-01-27,Store_Hyderabad,Men T-Shirt,Clothing,101.01,599.0,60503.6,RandomForest
2007,2025-01-28,Store_Hyderabad,Men T-Shirt,Clothing,103.14,599.0,61783.85,RandomForest
2008,2025-01-29,Store_Hyderabad,Men T-Shirt,Clothing,103.14,599.0,61783.85,RandomForest
2009,2025-01-30,Store_Hyderabad,Men T-Shirt,Clothing,96.61,599.0,57870.68,RandomForest
2010,2025-01-01,Store_Hyderabad,Mixer Grinder,Home & Kitchen,23.79,3500.0,83266.67,RandomForest
2011,2025-01-02,Store_Hyderabad,Mixer Grinder,Home & Kitchen,23.96,3500.0,83847.19,RandomForest
2012,2025-01-03,Store_Hyderabad,Mixer Grinder,Home & Kitchen,23.96,3500.0,83847.19,RandomForest
2013,2025-01-04,Store_Hyderabad,Mixer Grinder,Home & Kitchen,31.6,3500.0,110608.31,RandomForest
2014,2025-01-05,Store_Hyderabad,Mixer Grinder,Home & Kitchen,31.29,3500.0,109508.44,RandomForest
2015,2025-01-06,Store_Hyderabad,Mixer Grinder,Home & Kitchen,24.78,3500.0,86720.14,RandomForest
2016,2025-01-07,Store_Hyderabad,Mixer Grinder,Home & Kitchen,25.58,3500.0,89528.97,RandomForest
2017,2025-01-08,Store_Hyderabad,Mixer Grinder,Home & Kitchen,25.74,3500.0,90100.29,RandomForest
2018,2025-01-09,Store_Hyderabad,Mixer Grinder,Home & Kitchen,25.74,3500.0,90100.29,RandomForest
2019,2025-01-10,Store_Hyderabad,Mixer Grinder,Home & Kitchen,25.43,3500.0,89009.94,RandomForest
2020,2025-01-11,Store_Hyderabad,Mixer Grinder,Home & Kitchen,32.31,3500.0,113087.59,RandomForest
2021,2025-01-12,Store_Hyderabad,Mixer Grinder,Home & Kitchen,31.54,3500.0,110381.63,RandomForest
2022,2025-01-13,Store_Hyderabad,Mixer Grinder,Home & Kitchen,25.04,3500.0,87633.85,RandomForest
2023,2025-01-14,Store_Hyderabad,Mixer Grinder,Home & Kitchen,25.59,3500.0,89554.25,RandomForest
2024,2025-01-15,Store_Hyderabad,Mixer Grinder,Home & Kitchen,25.59,3500.0,89554.25,RandomForest
2025,2025-01-16,Store_Hyderabad,Mixer Grinder,Home & Kitchen,25.59,3500.0,89554.25,RandomForest
2026,2025-01-17,Store_Hyderabad,Mixer Grinder,Home & Kitchen,25.59,3500.0,89554.25,RandomForest
2027,2025-01-18,Store_Hyderabad,Mixer Grinder,Home & Kitchen,32.47,3500.0,113631.89,RandomForest
2028,2025-01-19,Store_Hyderabad,Mixer Grinder,Home & Kitchen,31.69,3500.0,110925.93,RandomForest
2029,2025-01-20,Store_Hyderabad,Mixer Grinder,Home & Kitchen,25.04,3500.0,87633.85,RandomForest
2030,2025-01-21,Store_Hyderabad,Mixer Grinder,Home & Kitchen,25.63,3500.0,89689.7,RandomForest
2031,2025-01-22,Store_Hyderabad,Mixer Grinder,Home & Kitchen,25.63,3500.0,89689.7,RandomForest
2032,2025-01-23,Store_Hyderabad,Mixer Grinder,Home & Kitchen,25.54,3500.0,89377.35,RandomForest
2033,2025-01-24,Store_Hyderabad,Mixer Grinder,Home & Kitchen,25.54,3500.0,89377.35,RandomForest
2034,2025-01-25,Store_Hyderabad,Mixer Grinder,Home & Kitchen,32.42,3500.0,113468.54,RandomForest
2035,2025-01-26,Store_Hyderabad,Mixer Grinder,Home & Kitchen,31.81,3500.0,111325.11,RandomForest
2036,2025-01-27,Store_Hyderabad,Mixer Grinder,Home & Kitchen,24.99,3500.0,87456.95,RandomForest
2037,2025-01-28,Store_Hyderabad,Mixer Grinder,Home & Kitchen,25.39,3500.0,88870.61,RandomForest
2038,2025-01-29,Store_Hyderabad,Mixer Grinder,Home & Kitchen,25.39,3500.0,88870.61,RandomForest
2039,2025-01-30,Store_Hyderabad,Mixer Grinder,Home & Kitchen,21.86,3500.0,76498.93,RandomForest
2040,2025-01-01,Store_Hyderabad,Moisturizer,Personal Care,111.85,250.0,27962.62,RandomForest
2041,2025-01-02,Store_Hyderabad,Moisturizer,Personal Care,112.03,250.0,28008.56,RandomForest
2042,2025-01-03,Store_Hyderabad,Moisturizer,Personal Care,114.93,250.0,28733.03,RandomForest
2043,2025-01-04,Store_Hyderabad,Moisturizer,Personal Care,149.56,250.0,37389.93,RandomForest
2044,2025-01-05,Store_Hyderabad,Moisturizer,Personal Care,146.04,250.0,36509.79,RandomForest
2045,2025-01-06,Store_Hyderabad,Moisturizer,Personal Care,114.47,250.0,28618.35,RandomForest
2046,2025-01-07,Store_Hyderabad,Moisturizer,Personal Care,118.55,250.0,29636.69,RandomForest
2047,2025-01-08,Store_Hyderabad,Moisturizer,Personal Care,118.71,250.0,29677.5,RandomForest
2048,2025-01-09,Store_Hyderabad,Moisturizer,Personal Care,118.58,250.0,29645.32,RandomForest
2049,2025-01-10,Store_Hyderabad,Moisturizer,Personal Care,119.02,250.0,29754.08,RandomForest
2050,2025-01-11,Store_Hyderabad,Moisturizer,Personal Care,148.5,250.0,37124.69,RandomForest
2051,2025-01-12,Store_Hyderabad,Moisturizer,Personal Care,146.3,250.0,36575.79,RandomForest
2052,2025-01-13,Store_Hyderabad,Moisturizer,Personal Care,115.33,250.0,28831.99,RandomForest
2053,2025-01-14,Store_Hyderabad,Moisturizer,Personal Care,118.75,250.0,29687.54,RandomForest
2054,2025-01-15,Store_Hyderabad,Moisturizer,Personal Care,118.75,250.0,29687.54,RandomForest
2055,2025-01-16,Store_Hyderabad,Moisturizer,Personal Care,118.62,250.0,29655.35,RandomForest
2056,2025-01-17,Store_Hyderabad,Moisturizer,Personal Care,118.62,250.0,29655.35,RandomForest
2057,2025-01-18,Store_Hyderabad,Moisturizer,Personal Care,148.1,250.0,37025.97,RandomForest
2058,2025-01-19,Store_Hyderabad,Moisturizer,Personal Care,145.91,250.0,36477.07,RandomForest
2059,2025-01-20,Store_Hyderabad,Moisturizer,Personal Care,115.33,250.0,28831.99,RandomForest
2060,2025-01-21,Store_Hyderabad,Moisturizer,Personal Care,118.79,250.0,29697.21,RandomForest
2061,2025-01-22,Store_Hyderabad,Moisturizer,Personal Care,118.79,250.0,29697.21,RandomForest
2062,2025-01-23,Store_Hyderabad,Moisturizer,Personal Care,118.66,250.0,29665.03,RandomForest
2063,2025-01-24,Store_Hyderabad,Moisturizer,Personal Care,118.66,250.0,29665.03,RandomForest
2064,2025-01-25,Store_Hyderabad,Moisturizer,Personal Care,148.15,250.0,37036.61,RandomForest
2065,2025-01-26,Store_Hyderabad,Moisturizer,Personal Care,146.11,250.0,36527.89,RandomForest
2066,2025-01-27,Store_Hyderabad,Moisturizer,Personal Care,115.37,250.0,28841.66,RandomForest
2067,2025-01-28,Store_Hyderabad,Moisturizer,Personal Care,118.47,250.0,29616.27,RandomForest
2068,2025-01-29,Store_Hyderabad,Moisturizer,Personal Care,118.47,250.0,29616.27,RandomForest
2069,2025-01-30,Store_Hyderabad,Moisturizer,Personal Care,111.93,250.0,27983.06,RandomForest
2070,2025-01-01,Store_Hyderabad,Non-Stick Pan,Home & Kitchen,53.95,800.0,43158.07,RandomForest
2071,2025-01-02,Store_Hyderabad,Non-Stick Pan,Home & Kitchen,54.11,800.0,43290.77,RandomForest
2072,2025-01-03,Store_Hyderabad,Non-Stick Pan,Home & Kitchen,54.11,800.0,43290.77,RandomForest
2073,2025-01-04,Store_Hyderabad,Non-Stick Pan,Home & Kitchen,66.34,800.0,53073.94,RandomForest
2074,2025-01-05,Store_Hyderabad,Non-Stick Pan,Home & Kitchen,65.73,800.0,52581.44,RandomForest
2075,2025-01-06,Store_Hyderabad,Non-Stick Pan,Home & Kitchen,53.5,800.0,42802.89,RandomForest
2076,2025-01-07,Store_Hyderabad,Non-Stick Pan,Home & Kitchen,54.78,800.0,43827.25,RandomForest
2077,2025-01-08,Store_Hyderabad,Non-Stick Pan,Home & Kitchen,54.95,800.0,43957.83,RandomForest
2078,2025-01-09,Store_Hyderabad,Non-Stick Pan,Home & Kitchen,54.95,800.0,43957.83,RandomForest
2079,2025-01-10,Store_Hyderabad,Non-Stick Pan,Home & Kitchen,54.64,800.0,43708.61,RandomForest
2080,2025-01-11,Store_Hyderabad,Non-Stick Pan,Home & Kitchen,66.1,800.0,52878.42,RandomForest
2081,2025-01-12,Store_Hyderabad,Non-Stick Pan,Home & Kitchen,65.32,800.0,52259.93,RandomForest
2082,2025-01-13,Store_Hyderabad,Non-Stick Pan,Home & Kitchen,53.61,800.0,42889.26,RandomForest
2083,2025-01-14,Store_Hyderabad,Non-Stick Pan,Home & Kitchen,54.79,800.0,43833.02,RandomForest
2084,2025-01-15,Store_Hyderabad,Non-Stick Pan,Home & Kitchen,54.69,800.0,43753.38,RandomForest
2085,2025-01-16,Store_Hyderabad,Non-Stick Pan,Home & Kitchen,54.69,800.0,43753.38,RandomForest
2086,2025-01-17,Store_Hyderabad,Non-Stick Pan,Home & Kitchen,54.69,800.0,43753.38,RandomForest
2087,2025-01-18,Store_Hyderabad,Non-Stick Pan,Home & Kitchen,66.15,800.0,52923.2,RandomForest
2088,2025-01-19,Store_Hyderabad,Non-Stick Pan,Home & Kitchen,65.38,800.0,52304.71,RandomForest
2089,2025-01-20,Store_Hyderabad,Non-Stick Pan,Home & Kitchen,53.51,800.0,42809.63,RandomForest
2090,2025-01-21,Store_Hyderabad,Non-Stick Pan,Home & Kitchen,54.73,800.0,43784.34,RandomForest
2091,2025-01-22,Store_Hyderabad,Non-Stick Pan,Home & Kitchen,54.73,800.0,43784.34,RandomForest
2092,2025-01-23,Store_Hyderabad,Non-Stick Pan,Home & Kitchen,54.73,800.0,43784.34,RandomForest
2093,2025-01-24,Store_Hyderabad,Non-Stick Pan,Home & Kitchen,54.73,800.0,43784.34,RandomForest
2094,2025-01-25,Store_Hyderabad,Non-Stick Pan,Home & Kitchen,66.2,800.0,52957.24,RandomForest
2095,2025-01-26,Store_Hyderabad,Non-Stick Pan,Home & Kitchen,65.58,800.0,52467.33,RandomForest
2096,2025-01-27,Store_Hyderabad,Non-Stick Pan,Home & Kitchen,53.55,800.0,42840.59,RandomForest
2097,2025-01-28,Store_Hyderabad,Non-Stick Pan,Home & Kitchen,54.43,800.0,43544.98,RandomForest
2098,2025-01-29,Store_Hyderabad,Non-Stick Pan,Home & Kitchen,53.36,800.0,42688.42,RandomForest
2099,2025-01-30,Store_Hyderabad,Non-Stick Pan,Home & Kitchen,49.83,800.0,39860.6,RandomForest
2100,2025-01-01,Store_Hyderabad,Pressure Cooker,Home & Kitchen,33.08,1500.0,49612.75,RandomForest
2101,2025-01-02,Store_Hyderabad,Pressure Cooker,Home & Kitchen,33.24,1500.0,49861.55,RandomForest
2102,2025-01-03,Store_Hyderabad,Pressure Cooker,Home & Kitchen,33.24,1500.0,49861.55,RandomForest
2103,2025-01-04,Store_Hyderabad,Pressure Cooker,Home & Kitchen,41.79,1500.0,62680.52,RandomForest
2104,2025-01-05,Store_Hyderabad,Pressure Cooker,Home & Kitchen,41.17,1500.0,61757.03,RandomForest
2105,2025-01-06,Store_Hyderabad,Pressure Cooker,Home & Kitchen,33.7,1500.0,50542.82,RandomForest
2106,2025-01-07,Store_Hyderabad,Pressure Cooker,Home & Kitchen,34.41,1500.0,51614.87,RandomForest
2107,2025-01-08,Store_Hyderabad,Pressure Cooker,Home & Kitchen,34.57,1500.0,51859.71,RandomForest
2108,2025-01-09,Store_Hyderabad,Pressure Cooker,Home & Kitchen,34.57,1500.0,51859.71,RandomForest
2109,2025-01-10,Store_Hyderabad,Pressure Cooker,Home & Kitchen,34.26,1500.0,51392.42,RandomForest
2110,2025-01-11,Store_Hyderabad,Pressure Cooker,Home & Kitchen,42.04,1500.0,63061.32,RandomForest
2111,2025-01-12,Store_Hyderabad,Pressure Cooker,Home & Kitchen,41.27,1500.0,61901.62,RandomForest
2112,2025-01-13,Store_Hyderabad,Pressure Cooker,Home & Kitchen,33.8,1500.0,50704.76,RandomForest
2113,2025-01-14,Store_Hyderabad,Pressure Cooker,Home & Kitchen,34.42,1500.0,51625.69,RandomForest
2114,2025-01-15,Store_Hyderabad,Pressure Cooker,Home & Kitchen,34.32,1500.0,51476.38,RandomForest
2115,2025-01-16,Store_Hyderabad,Pressure Cooker,Home & Kitchen,34.32,1500.0,51476.38,RandomForest
2116,2025-01-17,Store_Hyderabad,Pressure Cooker,Home & Kitchen,34.32,1500.0,51476.38,RandomForest
2117,2025-01-18,Store_Hyderabad,Pressure Cooker,Home & Kitchen,42.1,1500.0,63145.29,RandomForest
2118,2025-01-19,Store_Hyderabad,Pressure Cooker,Home & Kitchen,41.32,1500.0,61985.58,RandomForest
2119,2025-01-20,Store_Hyderabad,Pressure Cooker,Home & Kitchen,33.7,1500.0,50555.45,RandomForest
2120,2025-01-21,Store_Hyderabad,Pressure Cooker,Home & Kitchen,34.36,1500.0,51534.43,RandomForest
2121,2025-01-22,Store_Hyderabad,Pressure Cooker,Home & Kitchen,34.36,1500.0,51534.43,RandomForest
2122,2025-01-23,Store_Hyderabad,Pressure Cooker,Home & Kitchen,34.36,1500.0,51534.43,RandomForest
2123,2025-01-24,Store_Hyderabad,Pressure Cooker,Home & Kitchen,34.36,1500.0,51534.43,RandomForest
2124,2025-01-25,Store_Hyderabad,Pressure Cooker,Home & Kitchen,42.14,1500.0,63209.14,RandomForest
2125,2025-01-26,Store_Hyderabad,Pressure Cooker,Home & Kitchen,41.53,1500.0,62290.53,RandomForest
2126,2025-01-27,Store_Hyderabad,Pressure Cooker,Home & Kitchen,33.74,1500.0,50613.5,RandomForest
2127,2025-01-28,Store_Hyderabad,Pressure Cooker,Home & Kitchen,34.21,1500.0,51317.25,RandomForest
2128,2025-01-29,Store_Hyderabad,Pressure Cooker,Home & Kitchen,34.21,1500.0,51317.25,RandomForest
2129,2025-01-30,Store_Hyderabad,Pressure Cooker,Home & Kitchen,30.68,1500.0,46015.12,RandomForest
2130,2025-01-01,Store_Hyderabad,Rice (5kg),Grocery,196.07,250.0,49017.15,RandomForest
2131,2025-01-02,Store_Hyderabad,Rice (5kg),Grocery,193.96,250.0,48490.62,RandomForest
2132,2025-01-03,Store_Hyderabad,Rice (5kg),Grocery,199.48,250.0,49870.47,RandomForest
2133,2025-01-04,Store_Hyderabad,Rice (5kg),Grocery,251.21,250.0,62803.04,RandomForest
2134,2025-01-05,Store_Hyderabad,Rice (5kg),Grocery,251.96,250.0,62988.85,RandomForest
2135,2025-01-06,Store_Hyderabad,Rice (5kg),Grocery,201.59,250.0,50397.06,RandomForest
2136,2025-01-07,Store_Hyderabad,Rice (5kg),Grocery,200.05,250.0,50012.8,RandomForest
2137,2025-01-08,Store_Hyderabad,Rice (5kg),Grocery,200.23,250.0,50056.51,RandomForest
2138,2025-01-09,Store_Hyderabad,Rice (5kg),Grocery,204.24,250.0,51060.4,RandomForest
2139,2025-01-10,Store_Hyderabad,Rice (5kg),Grocery,204.96,250.0,51239.66,RandomForest
2140,2025-01-11,Store_Hyderabad,Rice (5kg),Grocery,252.47,250.0,63116.93,RandomForest
2141,2025-01-12,Store_Hyderabad,Rice (5kg),Grocery,253.05,250.0,63263.37,RandomForest
2142,2025-01-13,Store_Hyderabad,Rice (5kg),Grocery,204.48,250.0,51119.34,RandomForest
2143,2025-01-14,Store_Hyderabad,Rice (5kg),Grocery,205.55,250.0,51386.25,RandomForest
2144,2025-01-15,Store_Hyderabad,Rice (5kg),Grocery,205.55,250.0,51386.25,RandomForest
2145,2025-01-16,Store_Hyderabad,Rice (5kg),Grocery,205.82,250.0,51453.87,RandomForest
2146,2025-01-17,Store_Hyderabad,Rice (5kg),Grocery,205.82,250.0,51453.87,RandomForest
2147,2025-01-18,Store_Hyderabad,Rice (5kg),Grocery,253.32,250.0,63331.13,RandomForest
2148,2025-01-19,Store_Hyderabad,Rice (5kg),Grocery,253.91,250.0,63477.57,RandomForest
2149,2025-01-20,Store_Hyderabad,Rice (5kg),Grocery,205.18,250.0,51294.67,RandomForest
2150,2025-01-21,Store_Hyderabad,Rice (5kg),Grocery,206.1,250.0,51525.09,RandomForest
2151,2025-01-22,Store_Hyderabad,Rice (5kg),Grocery,206.1,250.0,51525.09,RandomForest
2152,2025-01-23,Store_Hyderabad,Rice (5kg),Grocery,205.67,250.0,51417.37,RandomForest
2153,2025-01-24,Store_Hyderabad,Rice (5kg),Grocery,205.67,250.0,51417.37,RandomForest
2154,2025-01-25,Store_Hyderabad,Rice (5kg),Grocery,254.55,250.0,63637.7,RandomForest
2155,2025-01-26,Store_Hyderabad,Rice (5kg),Grocery,256.29,250.0,64072.08,RandomForest
2156,2025-01-27,Store_Hyderabad,Rice (5kg),Grocery,205.03,250.0,51258.17,RandomForest
2157,2025-01-28,Store_Hyderabad,Rice (5kg),Grocery,206.1,250.0,51525.09,RandomForest
2158,2025-01-29,Store_Hyderabad,Rice (5kg),Grocery,206.1,250.0,51525.09,RandomForest
2159,2025-01-30,Store_Hyderabad,Rice (5kg),Grocery,201.63,250.0,50407.15,RandomForest
2160,2025-01-01,Store_Hyderabad,Shampoo (200ml),Personal Care,160.85,180.0,28953.31,RandomForest
2161,2025-01-02,Store_Hyderabad,Shampoo (200ml),Personal Care,161.76,180.0,29116.23,RandomForest
2162,2025-01-03,Store_Hyderabad,Shampoo (200ml),Personal Care,163.99,180.0,29518.98,RandomForest
2163,2025-01-04,Store_Hyderabad,Shampoo (200ml),Personal Care,211.19,180.0,38014.25,RandomForest
2164,2025-01-05,Store_Hyderabad,Shampoo (200ml),Personal Care,209.18,180.0,37652.32,RandomForest
2165,2025-01-06,Store_Hyderabad,Shampoo (200ml),Personal Care,167.15,180.0,30087.28,RandomForest
2166,2025-01-07,Store_Hyderabad,Shampoo (200ml),Personal Care,171.42,180.0,30855.21,RandomForest
2167,2025-01-08,Store_Hyderabad,Shampoo (200ml),Personal Care,171.58,180.0,30884.6,RandomForest
2168,2025-01-09,Store_Hyderabad,Shampoo (200ml),Personal Care,171.45,180.0,30861.42,RandomForest
2169,2025-01-10,Store_Hyderabad,Shampoo (200ml),Personal Care,172.47,180.0,31045.18,RandomForest
2170,2025-01-11,Store_Hyderabad,Shampoo (200ml),Personal Care,211.61,180.0,38090.11,RandomForest
2171,2025-01-12,Store_Hyderabad,Shampoo (200ml),Personal Care,209.44,180.0,37699.83,RandomForest
2172,2025-01-13,Store_Hyderabad,Shampoo (200ml),Personal Care,168.59,180.0,30346.56,RandomForest
2173,2025-01-14,Store_Hyderabad,Shampoo (200ml),Personal Care,172.76,180.0,31096.35,RandomForest
2174,2025-01-15,Store_Hyderabad,Shampoo (200ml),Personal Care,172.76,180.0,31096.35,RandomForest
2175,2025-01-16,Store_Hyderabad,Shampoo (200ml),Personal Care,172.63,180.0,31073.18,RandomForest
2176,2025-01-17,Store_Hyderabad,Shampoo (200ml),Personal Care,172.63,180.0,31073.18,RandomForest
2177,2025-01-18,Store_Hyderabad,Shampoo (200ml),Personal Care,212.16,180.0,38188.29,RandomForest
2178,2025-01-19,Store_Hyderabad,Shampoo (200ml),Personal Care,209.99,180.0,37798.01,RandomForest
2179,2025-01-20,Store_Hyderabad,Shampoo (200ml),Personal Care,168.98,180.0,30416.74,RandomForest
2180,2025-01-21,Store_Hyderabad,Shampoo (200ml),Personal Care,173.26,180.0,31186.43,RandomForest
2181,2025-01-22,Store_Hyderabad,Shampoo (200ml),Personal Care,173.26,180.0,31186.43,RandomForest
2182,2025-01-23,Store_Hyderabad,Shampoo (200ml),Personal Care,173.13,180.0,31163.26,RandomForest
2183,2025-01-24,Store_Hyderabad,Shampoo (200ml),Personal Care,173.13,180.0,31163.26,RandomForest
2184,2025-01-25,Store_Hyderabad,Shampoo (200ml),Personal Care,213.01,180.0,38340.91,RandomForest
2185,2025-01-26,Store_Hyderabad,Shampoo (200ml),Personal Care,211.0,180.0,37979.56,RandomForest
2186,2025-01-27,Store_Hyderabad,Shampoo (200ml),Personal Care,169.09,180.0,30436.64,RandomForest
2187,2025-01-28,Store_Hyderabad,Shampoo (200ml),Personal Care,173.26,180.0,31186.43,RandomForest
2188,2025-01-29,Store_Hyderabad,Shampoo (200ml),Personal Care,173.26,180.0,31186.43,RandomForest
2189,2025-01-30,Store_Hyderabad,Shampoo (200ml),Personal Care,163.15,180.0,29367.89,RandomForest
2190,2025-01-01,Store_Hyderabad,Smart Watch,Electronics,53.84,8000.0,430735.53,RandomForest
2191,2025-01-02,Store_Hyderabad,Smart Watch,Electronics,54.8,8000.0,438410.25,RandomForest
2192,2025-01-03,Store_Hyderabad,Smart Watch,Electronics,55.38,8000.0,443010.65,RandomForest
2193,2025-01-04,Store_Hyderabad,Smart Watch,Electronics,71.28,8000.0,570250.12,RandomForest
2194,2025-01-05,Store_Hyderabad,Smart Watch,Electronics,72.96,8000.0,583642.4,RandomForest
2195,2025-01-06,Store_Hyderabad,Smart Watch,Electronics,59.16,8000.0,473259.64,RandomForest
2196,2025-01-07,Store_Hyderabad,Smart Watch,Electronics,61.29,8000.0,490304.41,RandomForest
2197,2025-01-08,Store_Hyderabad,Smart Watch,Electronics,61.45,8000.0,491610.26,RandomForest
2198,2025-01-09,Store_Hyderabad,Smart Watch,Electronics,61.32,8000.0,490580.29,RandomForest
2199,2025-01-10,Store_Hyderabad,Smart Watch,Electronics,61.76,8000.0,494060.73,RandomForest
2200,2025-01-11,Store_Hyderabad,Smart Watch,Electronics,74.51,8000.0,596040.95,RandomForest
2201,2025-01-12,Store_Hyderabad,Smart Watch,Electronics,74.87,8000.0,598940.8,RandomForest
2202,2025-01-13,Store_Hyderabad,Smart Watch,Electronics,61.06,8000.0,488482.67,RandomForest
2203,2025-01-14,Store_Hyderabad,Smart Watch,Electronics,62.04,8000.0,496334.81,RandomForest
2204,2025-01-15,Store_Hyderabad,Smart Watch,Electronics,62.04,8000.0,496334.81,RandomForest
2205,2025-01-16,Store_Hyderabad,Smart Watch,Electronics,61.91,8000.0,495304.84,RandomForest
2206,2025-01-17,Store_Hyderabad,Smart Watch,Electronics,61.91,8000.0,495304.84,RandomForest
2207,2025-01-18,Store_Hyderabad,Smart Watch,Electronics,74.66,8000.0,597285.03,RandomForest
2208,2025-01-19,Store_Hyderabad,Smart Watch,Electronics,75.02,8000.0,600184.88,RandomForest
2209,2025-01-20,Store_Hyderabad,Smart Watch,Electronics,61.06,8000.0,488482.67,RandomForest
2210,2025-01-21,Store_Hyderabad,Smart Watch,Electronics,62.08,8000.0,496644.41,RandomForest
2211,2025-01-22,Store_Hyderabad,Smart Watch,Electronics,62.08,8000.0,496644.41,RandomForest
2212,2025-01-23,Store_Hyderabad,Smart Watch,Electronics,61.95,8000.0,495614.44,RandomForest
2213,2025-01-24,Store_Hyderabad,Smart Watch,Electronics,61.95,8000.0,495614.44,RandomForest
2214,2025-01-25,Store_Hyderabad,Smart Watch,Electronics,74.7,8000.0,597625.49,RandomForest
2215,2025-01-26,Store_Hyderabad,Smart Watch,Electronics,75.23,8000.0,601811.1,RandomForest
2216,2025-01-27,Store_Hyderabad,Smart Watch,Electronics,61.1,8000.0,488792.27,RandomForest
2217,2025-01-28,Store_Hyderabad,Smart Watch,Electronics,61.94,8000.0,495486.11,RandomForest
2218,2025-01-29,Store_Hyderabad,Smart Watch,Electronics,61.72,8000.0,493729.13,RandomForest
2219,2025-01-30,Store_Hyderabad,Smart Watch,Electronics,57.32,8000.0,458556.09,RandomForest
2220,2025-01-01,Store_Hyderabad,Smartphone,Electronics,40.86,15000.0,612933.88,RandomForest
2221,2025-01-02,Store_Hyderabad,Smartphone,Electronics,41.8,15000.0,627055.32,RandomForest
2222,2025-01-03,Store_Hyderabad,Smartphone,Electronics,42.38,15000.0,635681.08,RandomForest
2223,2025-01-04,Store_Hyderabad,Smartphone,Electronics,55.46,15000.0,831961.67,RandomForest
2224,2025-01-05,Store_Hyderabad,Smartphone,Electronics,55.15,15000.0,827247.79,RandomForest
2225,2025-01-06,Store_Hyderabad,Smartphone,Electronics,45.58,15000.0,683706.32,RandomForest
2226,2025-01-07,Store_Hyderabad,Smartphone,Electronics,46.67,15000.0,700036.87,RandomForest
2227,2025-01-08,Store_Hyderabad,Smartphone,Electronics,46.83,15000.0,702485.33,RandomForest
2228,2025-01-09,Store_Hyderabad,Smartphone,Electronics,46.83,15000.0,702485.33,RandomForest
2229,2025-01-10,Store_Hyderabad,Smartphone,Electronics,47.27,15000.0,709011.15,RandomForest
2230,2025-01-11,Store_Hyderabad,Smartphone,Electronics,57.7,15000.0,865517.29,RandomForest
2231,2025-01-12,Store_Hyderabad,Smartphone,Electronics,56.93,15000.0,853920.25,RandomForest
2232,2025-01-13,Store_Hyderabad,Smartphone,Electronics,46.59,15000.0,698820.93,RandomForest
2233,2025-01-14,Store_Hyderabad,Smartphone,Electronics,47.42,15000.0,711343.86,RandomForest
2234,2025-01-15,Store_Hyderabad,Smartphone,Electronics,47.32,15000.0,709850.81,RandomForest
2235,2025-01-16,Store_Hyderabad,Smartphone,Electronics,47.32,15000.0,709850.81,RandomForest
2236,2025-01-17,Store_Hyderabad,Smartphone,Electronics,47.32,15000.0,709850.81,RandomForest
2237,2025-01-18,Store_Hyderabad,Smartphone,Electronics,57.76,15000.0,866356.89,RandomForest
2238,2025-01-19,Store_Hyderabad,Smartphone,Electronics,56.98,15000.0,854759.85,RandomForest
2239,2025-01-20,Store_Hyderabad,Smartphone,Electronics,46.49,15000.0,697327.88,RandomForest
2240,2025-01-21,Store_Hyderabad,Smartphone,Electronics,47.36,15000.0,710431.31,RandomForest
2241,2025-01-22,Store_Hyderabad,Smartphone,Electronics,47.36,15000.0,710431.31,RandomForest
2242,2025-01-23,Store_Hyderabad,Smartphone,Electronics,47.36,15000.0,710431.31,RandomForest
2243,2025-01-24,Store_Hyderabad,Smartphone,Electronics,47.36,15000.0,710431.31,RandomForest
2244,2025-01-25,Store_Hyderabad,Smartphone,Electronics,57.8,15000.0,866995.41,RandomForest
2245,2025-01-26,Store_Hyderabad,Smartphone,Electronics,57.19,15000.0,857809.3,RandomForest
2246,2025-01-27,Store_Hyderabad,Smartphone,Electronics,46.53,15000.0,697908.38,RandomForest
2247,2025-01-28,Store_Hyderabad,Smartphone,Electronics,47.22,15000.0,708259.51,RandomForest
2248,2025-01-29,Store_Hyderabad,Smartphone,Electronics,47.22,15000.0,708259.51,RandomForest
2249,2025-01-30,Store_Hyderabad,Smartphone,Electronics,43.68,15000.0,655237.94,RandomForest
2250,2025-01-01,Store_Hyderabad,Sports Shoes,Clothing,41.27,1999.0,82499.07,RandomForest
2251,2025-01-02,Store_Hyderabad,Sports Shoes,Clothing,42.21,1999.0,84380.98,RandomForest
2252,2025-01-03,Store_Hyderabad,Sports Shoes,Clothing,42.21,1999.0,84380.98,RandomForest
2253,2025-01-04,Store_Hyderabad,Sports Shoes,Clothing,52.66,1999.0,105276.99,RandomForest
2254,2025-01-05,Store_Hyderabad,Sports Shoes,Clothing,52.05,1999.0,104046.29,RandomForest
2255,2025-01-06,Store_Hyderabad,Sports Shoes,Clothing,43.21,1999.0,86381.69,RandomForest
2256,2025-01-07,Store_Hyderabad,Sports Shoes,Clothing,44.15,1999.0,88251.97,RandomForest
2257,2025-01-08,Store_Hyderabad,Sports Shoes,Clothing,44.31,1999.0,88578.27,RandomForest
2258,2025-01-09,Store_Hyderabad,Sports Shoes,Clothing,44.31,1999.0,88578.27,RandomForest
2259,2025-01-10,Store_Hyderabad,Sports Shoes,Clothing,44.75,1999.0,89447.94,RandomForest
2260,2025-01-11,Store_Hyderabad,Sports Shoes,Clothing,53.69,1999.0,107318.87,RandomForest
2261,2025-01-12,Store_Hyderabad,Sports Shoes,Clothing,52.91,1999.0,105773.37,RandomForest
2262,2025-01-13,Store_Hyderabad,Sports Shoes,Clothing,44.07,1999.0,88089.93,RandomForest
2263,2025-01-14,Store_Hyderabad,Sports Shoes,Clothing,44.9,1999.0,89758.82,RandomForest
2264,2025-01-15,Store_Hyderabad,Sports Shoes,Clothing,44.9,1999.0,89758.82,RandomForest
2265,2025-01-16,Store_Hyderabad,Sports Shoes,Clothing,44.9,1999.0,89758.82,RandomForest
2266,2025-01-17,Store_Hyderabad,Sports Shoes,Clothing,44.9,1999.0,89758.82,RandomForest
2267,2025-01-18,Store_Hyderabad,Sports Shoes,Clothing,53.84,1999.0,107629.74,RandomForest
2268,2025-01-19,Store_Hyderabad,Sports Shoes,Clothing,53.07,1999.0,106084.25,RandomForest
2269,2025-01-20,Store_Hyderabad,Sports Shoes,Clothing,44.07,1999.0,88089.93,RandomForest
2270,2025-01-21,Store_Hyderabad,Sports Shoes,Clothing,44.94,1999.0,89836.18,RandomForest
2271,2025-01-22,Store_Hyderabad,Sports Shoes,Clothing,44.94,1999.0,89836.18,RandomForest
2272,2025-01-23,Store_Hyderabad,Sports Shoes,Clothing,44.94,1999.0,89836.18,RandomForest
2273,2025-01-24,Store_Hyderabad,Sports Shoes,Clothing,44.94,1999.0,89836.18,RandomForest
2274,2025-01-25,Store_Hyderabad,Sports Shoes,Clothing,53.88,1999.0,107714.84,RandomForest
2275,2025-01-26,Store_Hyderabad,Sports Shoes,Clothing,53.27,1999.0,106490.64,RandomForest
2276,2025-01-27,Store_Hyderabad,Sports Shoes,Clothing,44.11,1999.0,88167.29,RandomForest
2277,2025-01-28,Store_Hyderabad,Sports Shoes,Clothing,44.8,1999.0,89546.75,RandomForest
2278,2025-01-29,Store_Hyderabad,Sports Shoes,Clothing,44.8,1999.0,89546.75,RandomForest
2279,2025-01-30,Store_Hyderabad,Sports Shoes,Clothing,40.9,1999.0,81767.1,RandomForest
2280,2025-01-01,Store_Hyderabad,Toothpaste,Personal Care,302.6,80.0,24207.8,RandomForest
2281,2025-01-02,Store_Hyderabad,Toothpaste,Personal Care,302.89,80.0,24231.46,RandomForest
2282,2025-01-03,Store_Hyderabad,Toothpaste,Personal Care,301.99,80.0,24159.59,RandomForest
2283,2025-01-04,Store_Hyderabad,Toothpaste,Personal Care,387.73,80.0,31018.33,RandomForest
2284,2025-01-05,Store_Hyderabad,Toothpaste,Personal Care,404.42,80.0,32353.41,RandomForest
2285,2025-01-06,Store_Hyderabad,Toothpaste,Personal Care,307.25,80.0,24579.66,RandomForest
2286,2025-01-07,Store_Hyderabad,Toothpaste,Personal Care,308.79,80.0,24703.19,RandomForest
2287,2025-01-08,Store_Hyderabad,Toothpaste,Personal Care,308.8,80.0,24704.12,RandomForest
2288,2025-01-09,Store_Hyderabad,Toothpaste,Personal Care,312.75,80.0,25019.9,RandomForest
2289,2025-01-10,Store_Hyderabad,Toothpaste,Personal Care,312.26,80.0,24981.13,RandomForest
2290,2025-01-11,Store_Hyderabad,Toothpaste,Personal Care,394.44,80.0,31555.38,RandomForest
2291,2025-01-12,Store_Hyderabad,Toothpaste,Personal Care,408.52,80.0,32681.57,RandomForest
2292,2025-01-13,Store_Hyderabad,Toothpaste,Personal Care,314.13,80.0,25130.33,RandomForest
2293,2025-01-14,Store_Hyderabad,Toothpaste,Personal Care,315.13,80.0,25210.18,RandomForest
2294,2025-01-15,Store_Hyderabad,Toothpaste,Personal Care,315.13,80.0,25210.18,RandomForest
2295,2025-01-16,Store_Hyderabad,Toothpaste,Personal Care,314.59,80.0,25166.96,RandomForest
2296,2025-01-17,Store_Hyderabad,Toothpaste,Personal Care,314.59,80.0,25166.96,RandomForest
2297,2025-01-18,Store_Hyderabad,Toothpaste,Personal Care,395.25,80.0,31619.81,RandomForest
2298,2025-01-19,Store_Hyderabad,Toothpaste,Personal Care,409.33,80.0,32746.01,RandomForest
2299,2025-01-20,Store_Hyderabad,Toothpaste,Personal Care,316.07,80.0,25285.9,RandomForest
2300,2025-01-21,Store_Hyderabad,Toothpaste,Personal Care,319.07,80.0,25525.35,RandomForest
2301,2025-01-22,Store_Hyderabad,Toothpaste,Personal Care,321.89,80.0,25750.97,RandomForest
2302,2025-01-23,Store_Hyderabad,Toothpaste,Personal Care,320.23,80.0,25618.02,RandomForest
2303,2025-01-24,Store_Hyderabad,Toothpaste,Personal Care,320.23,80.0,25618.02,RandomForest
2304,2025-01-25,Store_Hyderabad,Toothpaste,Personal Care,408.31,80.0,32665.19,RandomForest
2305,2025-01-26,Store_Hyderabad,Toothpaste,Personal Care,419.44,80.0,33555.43,RandomForest
2306,2025-01-27,Store_Hyderabad,Toothpaste,Personal Care,324.76,80.0,25981.17,RandomForest
2307,2025-01-28,Store_Hyderabad,Toothpaste,Personal Care,326.41,80.0,26112.55,RandomForest
2308,2025-01-29,Store_Hyderabad,Toothpaste,Personal Care,326.23,80.0,26098.28,RandomForest
2309,2025-01-30,Store_Hyderabad,Toothpaste,Personal Care,321.8,80.0,25743.75,RandomForest
2310,2025-01-01,Store_Hyderabad,Water Bottle,Home & Kitchen,101.36,350.0,35477.22,RandomForest
2311,2025-01-02,Store_Hyderabad,Water Bottle,Home & Kitchen,100.32,350.0,35110.61,RandomForest
2312,2025-01-03,Store_Hyderabad,Water Bottle,Home & Kitchen,101.03,350.0,35360.36,RandomForest
2313,2025-01-04,Store_Hyderabad,Water Bottle,Home & Kitchen,133.63,350.0,46770.83,RandomForest
2314,2025-01-05,Store_Hyderabad,Water Bottle,Home & Kitchen,131.33,350.0,45965.59,RandomForest
2315,2025-01-06,Store_Hyderabad,Water Bottle,Home & Kitchen,106.92,350.0,37420.85,RandomForest
2316,2025-01-07,Store_Hyderabad,Water Bottle,Home & Kitchen,107.9,350.0,37764.81,RandomForest
2317,2025-01-08,Store_Hyderabad,Water Bottle,Home & Kitchen,108.06,350.0,37821.94,RandomForest
2318,2025-01-09,Store_Hyderabad,Water Bottle,Home & Kitchen,107.93,350.0,37776.88,RandomForest
2319,2025-01-10,Store_Hyderabad,Water Bottle,Home & Kitchen,107.8,350.0,37730.62,RandomForest
2320,2025-01-11,Store_Hyderabad,Water Bottle,Home & Kitchen,134.05,350.0,46918.35,RandomForest
2321,2025-01-12,Store_Hyderabad,Water Bottle,Home & Kitchen,131.59,350.0,46057.98,RandomForest
2322,2025-01-13,Store_Hyderabad,Water Bottle,Home & Kitchen,107.2,350.0,37521.41,RandomForest
2323,2025-01-14,Store_Hyderabad,Water Bottle,Home & Kitchen,108.09,350.0,37830.11,RandomForest
2324,2025-01-15,Store_Hyderabad,Water Bottle,Home & Kitchen,108.09,350.0,37830.11,RandomForest
2325,2025-01-16,Store_Hyderabad,Water Bottle,Home & Kitchen,107.96,350.0,37785.05,RandomForest
2326,2025-01-17,Store_Hyderabad,Water Bottle,Home & Kitchen,107.96,350.0,37785.05,RandomForest
2327,2025-01-18,Store_Hyderabad,Water Bottle,Home & Kitchen,134.21,350.0,46972.78,RandomForest
2328,2025-01-19,Store_Hyderabad,Water Bottle,Home & Kitchen,132.77,350.0,46469.18,RandomForest
2329,2025-01-20,Store_Hyderabad,Water Bottle,Home & Kitchen,107.2,350.0,37521.41,RandomForest
2330,2025-01-21,Store_Hyderabad,Water Bottle,Home & Kitchen,109.14,350.0,38200.42,RandomForest
2331,2025-01-22,Store_Hyderabad,Water Bottle,Home & Kitchen,109.14,350.0,38200.42,RandomForest
2332,2025-01-23,Store_Hyderabad,Water Bottle,Home & Kitchen,109.02,350.0,38155.36,RandomForest
2333,2025-01-24,Store_Hyderabad,Water Bottle,Home & Kitchen,109.02,350.0,38155.36,RandomForest
2334,2025-01-25,Store_Hyderabad,Water Bottle,Home & Kitchen,135.27,350.0,47344.45,RandomForest
2335,2025-01-26,Store_Hyderabad,Water Bottle,Home & Kitchen,132.97,350.0,46540.33,RandomForest
2336,2025-01-27,Store_Hyderabad,Water Bottle,Home & Kitchen,107.24,350.0,37534.96,RandomForest
2337,2025-01-28,Store_Hyderabad,Water Bottle,Home & Kitchen,109.14,350.0,38200.42,RandomForest
2338,2025-01-29,Store_Hyderabad,Water Bottle,Home & Kitchen,109.14,350.0,38200.42,RandomForest
2339,2025-01-30,Store_Hyderabad,Water Bottle,Home & Kitchen,104.18,350.0,36462.53,RandomForest
2340,2025-01-01,Store_Hyderabad,Wheat Flour (5kg),Grocery,223.07,200.0,44613.66,RandomForest
2341,2025-01-02,Store_Hyderabad,Wheat Flour (5kg),Grocery,220.96,200.0,44192.43,RandomForest
2342,2025-01-03,Store_Hyderabad,Wheat Flour (5kg),Grocery,226.48,200.0,45296.31,RandomForest
2343,2025-01-04,Store_Hyderabad,Wheat Flour (5kg),Grocery,299.68,200.0,59935.5,RandomForest
2344,2025-01-05,Store_Hyderabad,Wheat Flour (5kg),Grocery,302.01,200.0,60402.28,RandomForest
2345,2025-01-06,Store_Hyderabad,Wheat Flour (5kg),Grocery,227.19,200.0,45438.15,RandomForest
2346,2025-01-07,Store_Hyderabad,Wheat Flour (5kg),Grocery,224.61,200.0,44922.98,RandomForest
2347,2025-01-08,Store_Hyderabad,Wheat Flour (5kg),Grocery,224.79,200.0,44957.95,RandomForest
2348,2025-01-09,Store_Hyderabad,Wheat Flour (5kg),Grocery,228.81,200.0,45761.06,RandomForest
2349,2025-01-10,Store_Hyderabad,Wheat Flour (5kg),Grocery,229.52,200.0,45904.47,RandomForest
2350,2025-01-11,Store_Hyderabad,Wheat Flour (5kg),Grocery,299.17,200.0,59834.09,RandomForest
2351,2025-01-12,Store_Hyderabad,Wheat Flour (5kg),Grocery,301.35,200.0,60269.38,RandomForest
2352,2025-01-13,Store_Hyderabad,Wheat Flour (5kg),Grocery,230.08,200.0,46015.98,RandomForest
2353,2025-01-14,Store_Hyderabad,Wheat Flour (5kg),Grocery,230.11,200.0,46021.74,RandomForest
2354,2025-01-15,Store_Hyderabad,Wheat Flour (5kg),Grocery,230.11,200.0,46021.74,RandomForest
2355,2025-01-16,Store_Hyderabad,Wheat Flour (5kg),Grocery,230.38,200.0,46075.83,RandomForest
2356,2025-01-17,Store_Hyderabad,Wheat Flour (5kg),Grocery,230.38,200.0,46075.83,RandomForest
2357,2025-01-18,Store_Hyderabad,Wheat Flour (5kg),Grocery,300.03,200.0,60005.46,RandomForest
2358,2025-01-19,Store_Hyderabad,Wheat Flour (5kg),Grocery,302.2,200.0,60440.74,RandomForest
2359,2025-01-20,Store_Hyderabad,Wheat Flour (5kg),Grocery,230.78,200.0,46156.23,RandomForest
2360,2025-01-21,Store_Hyderabad,Wheat Flour (5kg),Grocery,231.84,200.0,46367.61,RandomForest
2361,2025-01-22,Store_Hyderabad,Wheat Flour (5kg),Grocery,231.84,200.0,46367.61,RandomForest
2362,2025-01-23,Store_Hyderabad,Wheat Flour (5kg),Grocery,231.41,200.0,46281.44,RandomForest
2363,2025-01-24,Store_Hyderabad,Wheat Flour (5kg),Grocery,231.41,200.0,46281.44,RandomForest
2364,2025-01-25,Store_Hyderabad,Wheat Flour (5kg),Grocery,302.43,200.0,60485.5,RandomForest
2365,2025-01-26,Store_Hyderabad,Wheat Flour (5kg),Grocery,304.76,200.0,60952.94,RandomForest
2366,2025-01-27,Store_Hyderabad,Wheat Flour (5kg),Grocery,231.81,200.0,46361.84,RandomForest
2367,2025-01-28,Store_Hyderabad,Wheat Flour (5kg),Grocery,231.84,200.0,46367.61,RandomForest
2368,2025-01-29,Store_Hyderabad,Wheat Flour (5kg),Grocery,231.84,200.0,46367.61,RandomForest
2369,2025-01-30,Store_Hyderabad,Wheat Flour (5kg),Grocery,224.85,200.0,44970.0,RandomForest
2370,2025-01-01,Store_Hyderabad,Women Kurti,Clothing,72.97,899.0,65602.42,RandomForest
2371,2025-01-02,Store_Hyderabad,Women Kurti,Clothing,73.93,899.0,66464.87,RandomForest
2372,2025-01-03,Store_Hyderabad,Women Kurti,Clothing,73.93,899.0,66464.87,RandomForest
2373,2025-01-04,Store_Hyderabad,Women Kurti,Clothing,93.08,899.0,83676.28,RandomForest
2374,2025-01-05,Store_Hyderabad,Women Kurti,Clothing,94.45,899.0,84910.27,RandomForest
2375,2025-01-06,Store_Hyderabad,Women Kurti,Clothing,76.06,899.0,68374.39,RandomForest
2376,2025-01-07,Store_Hyderabad,Women Kurti,Clothing,77.36,899.0,69542.74,RandomForest
2377,2025-01-08,Store_Hyderabad,Women Kurti,Clothing,77.52,899.0,69689.49,RandomForest
2378,2025-01-09,Store_Hyderabad,Women Kurti,Clothing,77.39,899.0,69573.75,RandomForest
2379,2025-01-10,Store_Hyderabad,Women Kurti,Clothing,77.83,899.0,69964.86,RandomForest
2380,2025-01-11,Store_Hyderabad,Women Kurti,Clothing,94.95,899.0,85361.12,RandomForest
2381,2025-01-12,Store_Hyderabad,Women Kurti,Clothing,95.31,899.0,85686.99,RandomForest
2382,2025-01-13,Store_Hyderabad,Women Kurti,Clothing,76.91,899.0,69142.62,RandomForest
2383,2025-01-14,Store_Hyderabad,Women Kurti,Clothing,78.11,899.0,70220.4,RandomForest
2384,2025-01-15,Store_Hyderabad,Women Kurti,Clothing,78.11,899.0,70220.4,RandomForest
2385,2025-01-16,Store_Hyderabad,Women Kurti,Clothing,77.98,899.0,70104.66,RandomForest
2386,2025-01-17,Store_Hyderabad,Women Kurti,Clothing,77.98,899.0,70104.66,RandomForest
2387,2025-01-18,Store_Hyderabad,Women Kurti,Clothing,95.11,899.0,85500.92,RandomForest
2388,2025-01-19,Store_Hyderabad,Women Kurti,Clothing,95.47,899.0,85826.79,RandomForest
2389,2025-01-20,Store_Hyderabad,Women Kurti,Clothing,76.91,899.0,69142.62,RandomForest
2390,2025-01-21,Store_Hyderabad,Women Kurti,Clothing,78.15,899.0,70255.19,RandomForest
2391,2025-01-22,Store_Hyderabad,Women Kurti,Clothing,78.15,899.0,70255.19,RandomForest
2392,2025-01-23,Store_Hyderabad,Women Kurti,Clothing,78.02,899.0,70139.45,RandomForest
2393,2025-01-24,Store_Hyderabad,Women Kurti,Clothing,78.02,899.0,70139.45,RandomForest
2394,2025-01-25,Store_Hyderabad,Women Kurti,Clothing,95.15,899.0,85539.18,RandomForest
2395,2025-01-26,Store_Hyderabad,Women Kurti,Clothing,95.67,899.0,86009.54,RandomForest
2396,2025-01-27,Store_Hyderabad,Women Kurti,Clothing,76.95,899.0,69177.41,RandomForest
2397,2025-01-28,Store_Hyderabad,Women Kurti,Clothing,78.0,899.0,70125.03,RandomForest
2398,2025-01-29,Store_Hyderabad,Women Kurti,Clothing,77.15,899.0,69359.92,RandomForest
2399,2025-01-30,Store_Hyderabad,Women Kurti,Clothing,72.19,899.0,64896.02,RandomForest
2400,2025-01-01,Store_Mumbai,Cooking Oil (1L),Grocery,177.49,150.0,26623.49,RandomForest
2401,2025-01-02,Store_Mumbai,Cooking Oil (1L),Grocery,178.4,150.0,26759.26,RandomForest
2402,2025-01-03,Store_Mumbai,Cooking Oil (1L),Grocery,181.92,150.0,27287.83,RandomForest
2403,2025-01-04,Store_Mumbai,Cooking Oil (1L),Grocery,233.78,150.0,35067.5,RandomForest
2404,2025-01-05,Store_Mumbai,Cooking Oil (1L),Grocery,232.24,150.0,34835.74,RandomForest
2405,2025-01-06,Store_Mumbai,Cooking Oil (1L),Grocery,184.0,150.0,27600.2,RandomForest
2406,2025-01-07,Store_Mumbai,Cooking Oil (1L),Grocery,185.5,150.0,27825.45,RandomForest
2407,2025-01-08,Store_Mumbai,Cooking Oil (1L),Grocery,185.67,150.0,27849.94,RandomForest
2408,2025-01-09,Store_Mumbai,Cooking Oil (1L),Grocery,185.54,150.0,27830.63,RandomForest
2409,2025-01-10,Store_Mumbai,Cooking Oil (1L),Grocery,186.25,150.0,27938.18,RandomForest
2410,2025-01-11,Store_Mumbai,Cooking Oil (1L),Grocery,234.2,150.0,35130.72,RandomForest
2411,2025-01-12,Store_Mumbai,Cooking Oil (1L),Grocery,232.5,150.0,34875.34,RandomForest
2412,2025-01-13,Store_Mumbai,Cooking Oil (1L),Grocery,185.14,150.0,27770.69,RandomForest
2413,2025-01-14,Store_Mumbai,Cooking Oil (1L),Grocery,186.54,150.0,27980.82,RandomForest
2414,2025-01-15,Store_Mumbai,Cooking Oil (1L),Grocery,186.54,150.0,27980.82,RandomForest
2415,2025-01-16,Store_Mumbai,Cooking Oil (1L),Grocery,186.41,150.0,27961.51,RandomForest
2416,2025-01-17,Store_Mumbai,Cooking Oil (1L),Grocery,186.41,150.0,27961.51,RandomForest
2417,2025-01-18,Store_Mumbai,Cooking Oil (1L),Grocery,234.36,150.0,35154.05,RandomForest
2418,2025-01-19,Store_Mumbai,Cooking Oil (1L),Grocery,235.34,150.0,35301.7,RandomForest
2419,2025-01-20,Store_Mumbai,Cooking Oil (1L),Grocery,181.55,150.0,27233.21,RandomForest
2420,2025-01-21,Store_Mumbai,Cooking Oil (1L),Grocery,189.08,150.0,28361.95,RandomForest
2421,2025-01-22,Store_Mumbai,Cooking Oil (1L),Grocery,189.08,150.0,28361.95,RandomForest
2422,2025-01-23,Store_Mumbai,Cooking Oil (1L),Grocery,188.95,150.0,28342.64,RandomForest
2423,2025-01-24,Store_Mumbai,Cooking Oil (1L),Grocery,188.95,150.0,28342.64,RandomForest
2424,2025-01-25,Store_Mumbai,Cooking Oil (1L),Grocery,237.64,150.0,35645.78,RandomForest
2425,2025-01-26,Store_Mumbai,Cooking Oil (1L),Grocery,236.1,150.0,35414.51,RandomForest
2426,2025-01-27,Store_Mumbai,Cooking Oil (1L),Grocery,181.41,150.0,27211.31,RandomForest
2427,2025-01-28,Store_Mumbai,Cooking Oil (1L),Grocery,189.08,150.0,28361.95,RandomForest
2428,2025-01-29,Store_Mumbai,Cooking Oil (1L),Grocery,189.08,150.0,28361.95,RandomForest
2429,2025-01-30,Store_Mumbai,Cooking Oil (1L),Grocery,181.11,150.0,27166.94,RandomForest
2430,2025-01-01,Store_Mumbai,Dal (1kg),Grocery,248.42,120.0,29810.78,RandomForest
2431,2025-01-02,Store_Mumbai,Dal (1kg),Grocery,244.24,120.0,29308.82,RandomForest
2432,2025-01-03,Store_Mumbai,Dal (1kg),Grocery,249.76,120.0,29971.15,RandomForest
2433,2025-01-04,Store_Mumbai,Dal (1kg),Grocery,328.34,120.0,39401.02,RandomForest
2434,2025-01-05,Store_Mumbai,Dal (1kg),Grocery,327.85,120.0,39341.59,RandomForest
2435,2025-01-06,Store_Mumbai,Dal (1kg),Grocery,249.12,120.0,29893.96,RandomForest
2436,2025-01-07,Store_Mumbai,Dal (1kg),Grocery,251.44,120.0,30172.54,RandomForest
2437,2025-01-08,Store_Mumbai,Dal (1kg),Grocery,251.61,120.0,30193.52,RandomForest
2438,2025-01-09,Store_Mumbai,Dal (1kg),Grocery,252.05,120.0,30246.35,RandomForest
2439,2025-01-10,Store_Mumbai,Dal (1kg),Grocery,253.77,120.0,30452.56,RandomForest
2440,2025-01-11,Store_Mumbai,Dal (1kg),Grocery,326.7,120.0,39204.16,RandomForest
2441,2025-01-12,Store_Mumbai,Dal (1kg),Grocery,326.05,120.0,39125.84,RandomForest
2442,2025-01-13,Store_Mumbai,Dal (1kg),Grocery,253.26,120.0,30391.64,RandomForest
2443,2025-01-14,Store_Mumbai,Dal (1kg),Grocery,256.46,120.0,30775.03,RandomForest
2444,2025-01-15,Store_Mumbai,Dal (1kg),Grocery,256.46,120.0,30775.03,RandomForest
2445,2025-01-16,Store_Mumbai,Dal (1kg),Grocery,255.07,120.0,30608.7,RandomForest
2446,2025-01-17,Store_Mumbai,Dal (1kg),Grocery,255.07,120.0,30608.7,RandomForest
2447,2025-01-18,Store_Mumbai,Dal (1kg),Grocery,327.18,120.0,39261.55,RandomForest
2448,2025-01-19,Store_Mumbai,Dal (1kg),Grocery,326.53,120.0,39183.23,RandomForest
2449,2025-01-20,Store_Mumbai,Dal (1kg),Grocery,255.21,120.0,30624.99,RandomForest
2450,2025-01-21,Store_Mumbai,Dal (1kg),Grocery,258.18,120.0,30981.26,RandomForest
2451,2025-01-22,Store_Mumbai,Dal (1kg),Grocery,258.18,120.0,30981.26,RandomForest
2452,2025-01-23,Store_Mumbai,Dal (1kg),Grocery,255.67,120.0,30680.33,RandomForest
2453,2025-01-24,Store_Mumbai,Dal (1kg),Grocery,255.67,120.0,30680.33,RandomForest
2454,2025-01-25,Store_Mumbai,Dal (1kg),Grocery,330.24,120.0,39628.95,RandomForest
2455,2025-01-26,Store_Mumbai,Dal (1kg),Grocery,329.75,120.0,39569.92,RandomForest
2456,2025-01-27,Store_Mumbai,Dal (1kg),Grocery,255.81,120.0,30696.61,RandomForest
2457,2025-01-28,Store_Mumbai,Dal (1kg),Grocery,258.18,120.0,30981.26,RandomForest
2458,2025-01-29,Store_Mumbai,Dal (1kg),Grocery,257.27,120.0,30871.86,RandomForest
2459,2025-01-30,Store_Mumbai,Dal (1kg),Grocery,251.18,120.0,30141.64,RandomForest
2460,2025-01-01,Store_Mumbai,Earbuds,Electronics,108.33,2500.0,270819.49,RandomForest
2461,2025-01-02,Store_Mumbai,Earbuds,Electronics,109.23,2500.0,273082.33,RandomForest
2462,2025-01-03,Store_Mumbai,Earbuds,Electronics,116.66,2500.0,291642.97,RandomForest
2463,2025-01-04,Store_Mumbai,Earbuds,Electronics,156.55,2500.0,391367.8,RandomForest
2464,2025-01-05,Store_Mumbai,Earbuds,Electronics,154.84,2500.0,387094.46,RandomForest
2465,2025-01-06,Store_Mumbai,Earbuds,Electronics,129.27,2500.0,323177.57,RandomForest
2466,2025-01-07,Store_Mumbai,Earbuds,Electronics,133.04,2500.0,332604.52,RandomForest
2467,2025-01-08,Store_Mumbai,Earbuds,Electronics,133.21,2500.0,333012.62,RandomForest
2468,2025-01-09,Store_Mumbai,Earbuds,Electronics,133.08,2500.0,332690.77,RandomForest
2469,2025-01-10,Store_Mumbai,Earbuds,Electronics,134.1,2500.0,335243.0,RandomForest
2470,2025-01-11,Store_Mumbai,Earbuds,Electronics,162.08,2500.0,405207.82,RandomForest
2471,2025-01-12,Store_Mumbai,Earbuds,Electronics,159.91,2500.0,399787.29,RandomForest
2472,2025-01-13,Store_Mumbai,Earbuds,Electronics,131.76,2500.0,329399.38,RandomForest
2473,2025-01-14,Store_Mumbai,Earbuds,Electronics,133.83,2500.0,334577.64,RandomForest
2474,2025-01-15,Store_Mumbai,Earbuds,Electronics,133.83,2500.0,334577.64,RandomForest
2475,2025-01-16,Store_Mumbai,Earbuds,Electronics,133.7,2500.0,334255.79,RandomForest
2476,2025-01-17,Store_Mumbai,Earbuds,Electronics,133.7,2500.0,334255.79,RandomForest
2477,2025-01-18,Store_Mumbai,Earbuds,Electronics,161.69,2500.0,404220.62,RandomForest
2478,2025-01-19,Store_Mumbai,Earbuds,Electronics,159.52,2500.0,398800.09,RandomForest
2479,2025-01-20,Store_Mumbai,Earbuds,Electronics,131.76,2500.0,329399.38,RandomForest
2480,2025-01-21,Store_Mumbai,Earbuds,Electronics,133.87,2500.0,334674.38,RandomForest
2481,2025-01-22,Store_Mumbai,Earbuds,Electronics,133.87,2500.0,334674.38,RandomForest
2482,2025-01-23,Store_Mumbai,Earbuds,Electronics,133.74,2500.0,334352.53,RandomForest
2483,2025-01-24,Store_Mumbai,Earbuds,Electronics,133.74,2500.0,334352.53,RandomForest
2484,2025-01-25,Store_Mumbai,Earbuds,Electronics,162.18,2500.0,405443.27,RandomForest
2485,2025-01-26,Store_Mumbai,Earbuds,Electronics,160.17,2500.0,400424.54,RandomForest
2486,2025-01-27,Store_Mumbai,Earbuds,Electronics,131.8,2500.0,329496.12,RandomForest
2487,2025-01-28,Store_Mumbai,Earbuds,Electronics,133.72,2500.0,334312.4,RandomForest
2488,2025-01-29,Store_Mumbai,Earbuds,Electronics,133.72,2500.0,334312.4,RandomForest
2489,2025-01-30,Store_Mumbai,Earbuds,Electronics,123.62,2500.0,309054.95,RandomForest
2490,2025-01-01,Store_Mumbai,Face Wash,Personal Care,171.63,120.0,20595.21,RandomForest
2491,2025-01-02,Store_Mumbai,Face Wash,Personal Care,172.53,120.0,20703.82,RandomForest
2492,2025-01-03,Store_Mumbai,Face Wash,Personal Care,176.06,120.0,21126.68,RandomForest
2493,2025-01-04,Store_Mumbai,Face Wash,Personal Care,230.32,120.0,27638.64,RandomForest
2494,2025-01-05,Store_Mumbai,Face Wash,Personal Care,228.78,120.0,27453.24,RandomForest
2495,2025-01-06,Store_Mumbai,Face Wash,Personal Care,178.83,120.0,21459.83,RandomForest
2496,2025-01-07,Store_Mumbai,Face Wash,Personal Care,180.13,120.0,21615.09,RandomForest
2497,2025-01-08,Store_Mumbai,Face Wash,Personal Care,180.29,120.0,21634.67,RandomForest
2498,2025-01-09,Store_Mumbai,Face Wash,Personal Care,180.16,120.0,21619.23,RandomForest
2499,2025-01-10,Store_Mumbai,Face Wash,Personal Care,180.88,120.0,21705.27,RandomForest
2500,2025-01-11,Store_Mumbai,Face Wash,Personal Care,230.74,120.0,27689.22,RandomForest
2501,2025-01-12,Store_Mumbai,Face Wash,Personal Care,229.04,120.0,27484.91,RandomForest
2502,2025-01-13,Store_Mumbai,Face Wash,Personal Care,179.97,120.0,21596.22,RandomForest
2503,2025-01-14,Store_Mumbai,Face Wash,Personal Care,181.16,120.0,21739.38,RandomForest
2504,2025-01-15,Store_Mumbai,Face Wash,Personal Care,181.16,120.0,21739.38,RandomForest
2505,2025-01-16,Store_Mumbai,Face Wash,Personal Care,181.45,120.0,21774.38,RandomForest
2506,2025-01-17,Store_Mumbai,Face Wash,Personal Care,181.45,120.0,21774.38,RandomForest
2507,2025-01-18,Store_Mumbai,Face Wash,Personal Care,231.32,120.0,27758.33,RandomForest
2508,2025-01-19,Store_Mumbai,Face Wash,Personal Care,229.62,120.0,27554.02,RandomForest
2509,2025-01-20,Store_Mumbai,Face Wash,Personal Care,180.39,120.0,21646.66,RandomForest
2510,2025-01-21,Store_Mumbai,Face Wash,Personal Care,181.44,120.0,21772.31,RandomForest
2511,2025-01-22,Store_Mumbai,Face Wash,Personal Care,181.44,120.0,21772.31,RandomForest
2512,2025-01-23,Store_Mumbai,Face Wash,Personal Care,181.31,120.0,21756.86,RandomForest
2513,2025-01-24,Store_Mumbai,Face Wash,Personal Care,181.31,120.0,21756.86,RandomForest
2514,2025-01-25,Store_Mumbai,Face Wash,Personal Care,231.91,120.0,27829.29,RandomForest
2515,2025-01-26,Store_Mumbai,Face Wash,Personal Care,230.37,120.0,27644.27,RandomForest
2516,2025-01-27,Store_Mumbai,Face Wash,Personal Care,180.24,120.0,21629.15,RandomForest
2517,2025-01-28,Store_Mumbai,Face Wash,Personal Care,181.44,120.0,21772.31,RandomForest
2518,2025-01-29,Store_Mumbai,Face Wash,Personal Care,180.52,120.0,21662.92,RandomForest
2519,2025-01-30,Store_Mumbai,Face Wash,Personal Care,171.23,120.0,20547.91,RandomForest
2520,2025-01-01,Store_Mumbai,Kids Jeans,Clothing,56.65,799.0,45263.28,RandomForest
2521,2025-01-02,Store_Mumbai,Kids Jeans,Clothing,57.61,799.0,46029.79,RandomForest
2522,2025-01-03,Store_Mumbai,Kids Jeans,Clothing,57.61,799.0,46029.79,RandomForest
2523,2025-01-04,Store_Mumbai,Kids Jeans,Clothing,73.08,799.0,58391.29,RandomForest
2524,2025-01-05,Store_Mumbai,Kids Jeans,Clothing,72.46,799.0,57899.4,RandomForest
2525,2025-01-06,Store_Mumbai,Kids Jeans,Clothing,58.25,799.0,46539.63,RandomForest
2526,2025-01-07,Store_Mumbai,Kids Jeans,Clothing,59.67,799.0,47679.89,RandomForest
2527,2025-01-08,Store_Mumbai,Kids Jeans,Clothing,59.84,799.0,47810.32,RandomForest
2528,2025-01-09,Store_Mumbai,Kids Jeans,Clothing,59.71,799.0,47707.45,RandomForest
2529,2025-01-10,Store_Mumbai,Kids Jeans,Clothing,60.14,799.0,48055.06,RandomForest
2530,2025-01-11,Store_Mumbai,Kids Jeans,Clothing,74.1,799.0,59207.43,RandomForest
2531,2025-01-12,Store_Mumbai,Kids Jeans,Clothing,73.33,799.0,58589.71,RandomForest
2532,2025-01-13,Store_Mumbai,Kids Jeans,Clothing,59.1,799.0,47222.41,RandomForest
2533,2025-01-14,Store_Mumbai,Kids Jeans,Clothing,60.43,799.0,48282.18,RandomForest
2534,2025-01-15,Store_Mumbai,Kids Jeans,Clothing,60.33,799.0,48202.65,RandomForest
2535,2025-01-16,Store_Mumbai,Kids Jeans,Clothing,60.2,799.0,48099.78,RandomForest
2536,2025-01-17,Store_Mumbai,Kids Jeans,Clothing,60.2,799.0,48099.78,RandomForest
2537,2025-01-18,Store_Mumbai,Kids Jeans,Clothing,74.16,799.0,59252.15,RandomForest
2538,2025-01-19,Store_Mumbai,Kids Jeans,Clothing,73.38,799.0,58634.43,RandomForest
2539,2025-01-20,Store_Mumbai,Kids Jeans,Clothing,59.0,799.0,47142.88,RandomForest
2540,2025-01-21,Store_Mumbai,Kids Jeans,Clothing,60.37,799.0,48233.57,RandomForest
2541,2025-01-22,Store_Mumbai,Kids Jeans,Clothing,60.37,799.0,48233.57,RandomForest
2542,2025-01-23,Store_Mumbai,Kids Jeans,Clothing,60.24,799.0,48130.7,RandomForest
2543,2025-01-24,Store_Mumbai,Kids Jeans,Clothing,60.24,799.0,48130.7,RandomForest
2544,2025-01-25,Store_Mumbai,Kids Jeans,Clothing,74.2,799.0,59286.16,RandomForest
2545,2025-01-26,Store_Mumbai,Kids Jeans,Clothing,73.59,799.0,58796.85,RandomForest
2546,2025-01-27,Store_Mumbai,Kids Jeans,Clothing,59.04,799.0,47173.8,RandomForest
2547,2025-01-28,Store_Mumbai,Kids Jeans,Clothing,60.07,799.0,47994.5,RandomForest
2548,2025-01-29,Store_Mumbai,Kids Jeans,Clothing,59.0,799.0,47139.01,RandomForest
2549,2025-01-30,Store_Mumbai,Kids Jeans,Clothing,54.98,799.0,43926.62,RandomForest
2550,2025-01-01,Store_Mumbai,Laptop,Electronics,16.17,45000.0,727495.16,RandomForest
2551,2025-01-02,Store_Mumbai,Laptop,Electronics,17.11,45000.0,769859.56,RandomForest
2552,2025-01-03,Store_Mumbai,Laptop,Electronics,17.68,45000.0,795736.74,RandomForest
2553,2025-01-04,Store_Mumbai,Laptop,Electronics,25.56,45000.0,1150198.69,RandomForest
2554,2025-01-05,Store_Mumbai,Laptop,Electronics,25.25,45000.0,1136057.31,RandomForest
2555,2025-01-06,Store_Mumbai,Laptop,Electronics,20.03,45000.0,901465.04,RandomForest
2556,2025-01-07,Store_Mumbai,Laptop,Electronics,20.84,45000.0,937578.56,RandomForest
2557,2025-01-08,Store_Mumbai,Laptop,Electronics,21.0,45000.0,944924.04,RandomForest
2558,2025-01-09,Store_Mumbai,Laptop,Electronics,21.0,45000.0,944924.04,RandomForest
2559,2025-01-10,Store_Mumbai,Laptop,Electronics,21.43,45000.0,964501.5,RandomForest
2560,2025-01-11,Store_Mumbai,Laptop,Electronics,27.8,45000.0,1250865.38,RandomForest
2561,2025-01-12,Store_Mumbai,Laptop,Electronics,27.02,45000.0,1216074.43,RandomForest
2562,2025-01-13,Store_Mumbai,Laptop,Electronics,21.04,45000.0,946808.88,RandomForest
2563,2025-01-14,Store_Mumbai,Laptop,Electronics,21.59,45000.0,971499.71,RandomForest
2564,2025-01-15,Store_Mumbai,Laptop,Electronics,21.59,45000.0,971499.71,RandomForest
2565,2025-01-16,Store_Mumbai,Laptop,Electronics,21.59,45000.0,971499.71,RandomForest
2566,2025-01-17,Store_Mumbai,Laptop,Electronics,21.59,45000.0,971499.71,RandomForest
2567,2025-01-18,Store_Mumbai,Laptop,Electronics,27.95,45000.0,1257863.59,RandomForest
2568,2025-01-19,Store_Mumbai,Laptop,Electronics,27.18,45000.0,1223072.63,RandomForest
2569,2025-01-20,Store_Mumbai,Laptop,Electronics,21.04,45000.0,946808.88,RandomForest
2570,2025-01-21,Store_Mumbai,Laptop,Electronics,21.63,45000.0,973241.21,RandomForest
2571,2025-01-22,Store_Mumbai,Laptop,Electronics,21.63,45000.0,973241.21,RandomForest
2572,2025-01-23,Store_Mumbai,Laptop,Electronics,21.63,45000.0,973241.21,RandomForest
2573,2025-01-24,Store_Mumbai,Laptop,Electronics,21.63,45000.0,973241.21,RandomForest
2574,2025-01-25,Store_Mumbai,Laptop,Electronics,28.0,45000.0,1259779.16,RandomForest
2575,2025-01-26,Store_Mumbai,Laptop,Electronics,27.38,45000.0,1232220.81,RandomForest
2576,2025-01-27,Store_Mumbai,Laptop,Electronics,21.08,45000.0,948550.39,RandomForest
2577,2025-01-28,Store_Mumbai,Laptop,Electronics,21.48,45000.0,966725.89,RandomForest
2578,2025-01-29,Store_Mumbai,Laptop,Electronics,21.48,45000.0,966725.89,RandomForest
2579,2025-01-30,Store_Mumbai,Laptop,Electronics,17.95,45000.0,807661.54,RandomForest
2580,2025-01-01,Store_Mumbai,Men T-Shirt,Clothing,98.97,599.0,59284.67,RandomForest
2581,2025-01-02,Store_Mumbai,Men T-Shirt,Clothing,99.88,599.0,59826.85,RandomForest
2582,2025-01-03,Store_Mumbai,Men T-Shirt,Clothing,99.88,599.0,59826.85,RandomForest
2583,2025-01-04,Store_Mumbai,Men T-Shirt,Clothing,123.3,599.0,73857.93,RandomForest
2584,2025-01-05,Store_Mumbai,Men T-Shirt,Clothing,122.1,599.0,73136.75,RandomForest
2585,2025-01-06,Store_Mumbai,Men T-Shirt,Clothing,102.11,599.0,61166.17,RandomForest
2586,2025-01-07,Store_Mumbai,Men T-Shirt,Clothing,103.3,599.0,61875.22,RandomForest
2587,2025-01-08,Store_Mumbai,Men T-Shirt,Clothing,103.46,599.0,61972.99,RandomForest
2588,2025-01-09,Store_Mumbai,Men T-Shirt,Clothing,103.33,599.0,61895.87,RandomForest
2589,2025-01-10,Store_Mumbai,Men T-Shirt,Clothing,103.77,599.0,62156.47,RandomForest
2590,2025-01-11,Store_Mumbai,Men T-Shirt,Clothing,123.72,599.0,74110.39,RandomForest
2591,2025-01-12,Store_Mumbai,Men T-Shirt,Clothing,122.36,599.0,73294.87,RandomForest
2592,2025-01-13,Store_Mumbai,Men T-Shirt,Clothing,102.97,599.0,61678.03,RandomForest
2593,2025-01-14,Store_Mumbai,Men T-Shirt,Clothing,104.05,599.0,62326.74,RandomForest
2594,2025-01-15,Store_Mumbai,Men T-Shirt,Clothing,104.05,599.0,62326.74,RandomForest
2595,2025-01-16,Store_Mumbai,Men T-Shirt,Clothing,103.92,599.0,62249.62,RandomForest
2596,2025-01-17,Store_Mumbai,Men T-Shirt,Clothing,103.92,599.0,62249.62,RandomForest
2597,2025-01-18,Store_Mumbai,Men T-Shirt,Clothing,123.88,599.0,74203.54,RandomForest
2598,2025-01-19,Store_Mumbai,Men T-Shirt,Clothing,122.52,599.0,73388.02,RandomForest
2599,2025-01-20,Store_Mumbai,Men T-Shirt,Clothing,102.97,599.0,61678.03,RandomForest
2600,2025-01-21,Store_Mumbai,Men T-Shirt,Clothing,104.09,599.0,62349.92,RandomForest
2601,2025-01-22,Store_Mumbai,Men T-Shirt,Clothing,104.09,599.0,62349.92,RandomForest
2602,2025-01-23,Store_Mumbai,Men T-Shirt,Clothing,103.96,599.0,62272.8,RandomForest
2603,2025-01-24,Store_Mumbai,Men T-Shirt,Clothing,103.96,599.0,62272.8,RandomForest
2604,2025-01-25,Store_Mumbai,Men T-Shirt,Clothing,123.92,599.0,74229.03,RandomForest
2605,2025-01-26,Store_Mumbai,Men T-Shirt,Clothing,122.72,599.0,73509.79,RandomForest
2606,2025-01-27,Store_Mumbai,Men T-Shirt,Clothing,103.01,599.0,61701.21,RandomForest
2607,2025-01-28,Store_Mumbai,Men T-Shirt,Clothing,104.09,599.0,62349.92,RandomForest
2608,2025-01-29,Store_Mumbai,Men T-Shirt,Clothing,103.24,599.0,61840.12,RandomForest
2609,2025-01-30,Store_Mumbai,Men T-Shirt,Clothing,98.27,599.0,58865.85,RandomForest
2610,2025-01-01,Store_Mumbai,Mixer Grinder,Home & Kitchen,20.77,3500.0,72709.96,RandomForest
2611,2025-01-02,Store_Mumbai,Mixer Grinder,Home & Kitchen,20.94,3500.0,73290.49,RandomForest
2612,2025-01-03,Store_Mumbai,Mixer Grinder,Home & Kitchen,20.94,3500.0,73290.49,RandomForest
2613,2025-01-04,Store_Mumbai,Mixer Grinder,Home & Kitchen,27.82,3500.0,97382.44,RandomForest
2614,2025-01-05,Store_Mumbai,Mixer Grinder,Home & Kitchen,27.51,3500.0,96282.55,RandomForest
2615,2025-01-06,Store_Mumbai,Mixer Grinder,Home & Kitchen,21.76,3500.0,76163.44,RandomForest
2616,2025-01-07,Store_Mumbai,Mixer Grinder,Home & Kitchen,22.56,3500.0,78972.27,RandomForest
2617,2025-01-08,Store_Mumbai,Mixer Grinder,Home & Kitchen,22.73,3500.0,79543.58,RandomForest
2618,2025-01-09,Store_Mumbai,Mixer Grinder,Home & Kitchen,22.73,3500.0,79543.58,RandomForest
2619,2025-01-10,Store_Mumbai,Mixer Grinder,Home & Kitchen,22.42,3500.0,78453.24,RandomForest
2620,2025-01-11,Store_Mumbai,Mixer Grinder,Home & Kitchen,28.53,3500.0,99861.7,RandomForest
2621,2025-01-12,Store_Mumbai,Mixer Grinder,Home & Kitchen,27.76,3500.0,97155.74,RandomForest
2622,2025-01-13,Store_Mumbai,Mixer Grinder,Home & Kitchen,22.02,3500.0,77077.14,RandomForest
2623,2025-01-14,Store_Mumbai,Mixer Grinder,Home & Kitchen,22.57,3500.0,78997.54,RandomForest
2624,2025-01-15,Store_Mumbai,Mixer Grinder,Home & Kitchen,22.57,3500.0,78997.54,RandomForest
2625,2025-01-16,Store_Mumbai,Mixer Grinder,Home & Kitchen,22.57,3500.0,78997.54,RandomForest
2626,2025-01-17,Store_Mumbai,Mixer Grinder,Home & Kitchen,22.57,3500.0,78997.54,RandomForest
2627,2025-01-18,Store_Mumbai,Mixer Grinder,Home & Kitchen,28.69,3500.0,100406.0,RandomForest
2628,2025-01-19,Store_Mumbai,Mixer Grinder,Home & Kitchen,27.91,3500.0,97700.04,RandomForest
2629,2025-01-20,Store_Mumbai,Mixer Grinder,Home & Kitchen,22.02,3500.0,77077.14,RandomForest
2630,2025-01-21,Store_Mumbai,Mixer Grinder,Home & Kitchen,22.61,3500.0,79132.99,RandomForest
2631,2025-01-22,Store_Mumbai,Mixer Grinder,Home & Kitchen,22.61,3500.0,79132.99,RandomForest
2632,2025-01-23,Store_Mumbai,Mixer Grinder,Home & Kitchen,22.52,3500.0,78820.65,RandomForest
2633,2025-01-24,Store_Mumbai,Mixer Grinder,Home & Kitchen,22.52,3500.0,78820.65,RandomForest
2634,2025-01-25,Store_Mumbai,Mixer Grinder,Home & Kitchen,28.64,3500.0,100242.65,RandomForest
2635,2025-01-26,Store_Mumbai,Mixer Grinder,Home & Kitchen,28.03,3500.0,98099.22,RandomForest
2636,2025-01-27,Store_Mumbai,Mixer Grinder,Home & Kitchen,21.97,3500.0,76900.25,RandomForest
2637,2025-01-28,Store_Mumbai,Mixer Grinder,Home & Kitchen,22.38,3500.0,78313.9,RandomForest
2638,2025-01-29,Store_Mumbai,Mixer Grinder,Home & Kitchen,22.38,3500.0,78313.9,RandomForest
2639,2025-01-30,Store_Mumbai,Mixer Grinder,Home & Kitchen,18.84,3500.0,65942.23,RandomForest
2640,2025-01-01,Store_Mumbai,Moisturizer,Personal Care,105.32,250.0,26330.73,RandomForest
2641,2025-01-02,Store_Mumbai,Moisturizer,Personal Care,106.23,250.0,26557.02,RandomForest
2642,2025-01-03,Store_Mumbai,Moisturizer,Personal Care,109.13,250.0,27281.49,RandomForest
2643,2025-01-04,Store_Mumbai,Moisturizer,Personal Care,145.56,250.0,36390.43,RandomForest
2644,2025-01-05,Store_Mumbai,Moisturizer,Personal Care,143.55,250.0,35887.75,RandomForest
2645,2025-01-06,Store_Mumbai,Moisturizer,Personal Care,117.44,250.0,29359.95,RandomForest
2646,2025-01-07,Store_Mumbai,Moisturizer,Personal Care,119.38,250.0,29845.68,RandomForest
2647,2025-01-08,Store_Mumbai,Moisturizer,Personal Care,119.55,250.0,29886.49,RandomForest
2648,2025-01-09,Store_Mumbai,Moisturizer,Personal Care,119.42,250.0,29854.3,RandomForest
2649,2025-01-10,Store_Mumbai,Moisturizer,Personal Care,120.44,250.0,30109.52,RandomForest
2650,2025-01-11,Store_Mumbai,Moisturizer,Personal Care,147.16,250.0,36789.13,RandomForest
2651,2025-01-12,Store_Mumbai,Moisturizer,Personal Care,144.99,250.0,36247.08,RandomForest
2652,2025-01-13,Store_Mumbai,Moisturizer,Personal Care,118.88,250.0,29720.05,RandomForest
2653,2025-01-14,Store_Mumbai,Moisturizer,Personal Care,120.72,250.0,30180.59,RandomForest
2654,2025-01-15,Store_Mumbai,Moisturizer,Personal Care,120.72,250.0,30180.59,RandomForest
2655,2025-01-16,Store_Mumbai,Moisturizer,Personal Care,120.59,250.0,30148.4,RandomForest
2656,2025-01-17,Store_Mumbai,Moisturizer,Personal Care,120.59,250.0,30148.4,RandomForest
2657,2025-01-18,Store_Mumbai,Moisturizer,Personal Care,147.7,250.0,36925.49,RandomForest
2658,2025-01-19,Store_Mumbai,Moisturizer,Personal Care,145.53,250.0,36383.43,RandomForest
2659,2025-01-20,Store_Mumbai,Moisturizer,Personal Care,119.27,250.0,29817.52,RandomForest
2660,2025-01-21,Store_Mumbai,Moisturizer,Personal Care,121.15,250.0,30287.73,RandomForest
2661,2025-01-22,Store_Mumbai,Moisturizer,Personal Care,121.15,250.0,30287.73,RandomForest
2662,2025-01-23,Store_Mumbai,Moisturizer,Personal Care,121.02,250.0,30255.55,RandomForest
2663,2025-01-24,Store_Mumbai,Moisturizer,Personal Care,121.02,250.0,30255.55,RandomForest
2664,2025-01-25,Store_Mumbai,Moisturizer,Personal Care,148.19,250.0,37047.75,RandomForest
2665,2025-01-26,Store_Mumbai,Moisturizer,Personal Care,146.18,250.0,36545.88,RandomForest
2666,2025-01-27,Store_Mumbai,Moisturizer,Personal Care,119.31,250.0,29827.19,RandomForest
2667,2025-01-28,Store_Mumbai,Moisturizer,Personal Care,121.15,250.0,30287.73,RandomForest
2668,2025-01-29,Store_Mumbai,Moisturizer,Personal Care,121.15,250.0,30287.73,RandomForest
2669,2025-01-30,Store_Mumbai,Moisturizer,Personal Care,111.05,250.0,27761.98,RandomForest
2670,2025-01-01,Store_Mumbai,Non-Stick Pan,Home & Kitchen,51.64,800.0,41308.65,RandomForest
2671,2025-01-02,Store_Mumbai,Non-Stick Pan,Home & Kitchen,51.8,800.0,41441.34,RandomForest
2672,2025-01-03,Store_Mumbai,Non-Stick Pan,Home & Kitchen,51.8,800.0,41441.34,RandomForest
2673,2025-01-04,Store_Mumbai,Non-Stick Pan,Home & Kitchen,64.35,800.0,51482.31,RandomForest
2674,2025-01-05,Store_Mumbai,Non-Stick Pan,Home & Kitchen,63.74,800.0,50989.77,RandomForest
2675,2025-01-06,Store_Mumbai,Non-Stick Pan,Home & Kitchen,51.68,800.0,41346.87,RandomForest
2676,2025-01-07,Store_Mumbai,Non-Stick Pan,Home & Kitchen,52.96,800.0,42371.23,RandomForest
2677,2025-01-08,Store_Mumbai,Non-Stick Pan,Home & Kitchen,53.13,800.0,42501.81,RandomForest
2678,2025-01-09,Store_Mumbai,Non-Stick Pan,Home & Kitchen,53.13,800.0,42501.81,RandomForest
2679,2025-01-10,Store_Mumbai,Non-Stick Pan,Home & Kitchen,52.82,800.0,42252.59,RandomForest
2680,2025-01-11,Store_Mumbai,Non-Stick Pan,Home & Kitchen,64.6,800.0,51680.19,RandomForest
2681,2025-01-12,Store_Mumbai,Non-Stick Pan,Home & Kitchen,63.83,800.0,51061.67,RandomForest
2682,2025-01-13,Store_Mumbai,Non-Stick Pan,Home & Kitchen,51.79,800.0,41433.24,RandomForest
2683,2025-01-14,Store_Mumbai,Non-Stick Pan,Home & Kitchen,52.97,800.0,42377.0,RandomForest
2684,2025-01-15,Store_Mumbai,Non-Stick Pan,Home & Kitchen,52.87,800.0,42297.37,RandomForest
2685,2025-01-16,Store_Mumbai,Non-Stick Pan,Home & Kitchen,52.87,800.0,42297.37,RandomForest
2686,2025-01-17,Store_Mumbai,Non-Stick Pan,Home & Kitchen,52.87,800.0,42297.37,RandomForest
2687,2025-01-18,Store_Mumbai,Non-Stick Pan,Home & Kitchen,64.66,800.0,51724.97,RandomForest
2688,2025-01-19,Store_Mumbai,Non-Stick Pan,Home & Kitchen,63.88,800.0,51106.45,RandomForest
2689,2025-01-20,Store_Mumbai,Non-Stick Pan,Home & Kitchen,51.69,800.0,41353.6,RandomForest
2690,2025-01-21,Store_Mumbai,Non-Stick Pan,Home & Kitchen,52.91,800.0,42328.33,RandomForest
2691,2025-01-22,Store_Mumbai,Non-Stick Pan,Home & Kitchen,52.91,800.0,42328.33,RandomForest
2692,2025-01-23,Store_Mumbai,Non-Stick Pan,Home & Kitchen,52.91,800.0,42328.33,RandomForest
2693,2025-01-24,Store_Mumbai,Non-Stick Pan,Home & Kitchen,52.91,800.0,42328.33,RandomForest
2694,2025-01-25,Store_Mumbai,Non-Stick Pan,Home & Kitchen,64.7,800.0,51759.01,RandomForest
2695,2025-01-26,Store_Mumbai,Non-Stick Pan,Home & Kitchen,64.09,800.0,51269.09,RandomForest
2696,2025-01-27,Store_Mumbai,Non-Stick Pan,Home & Kitchen,51.73,800.0,41384.56,RandomForest
2697,2025-01-28,Store_Mumbai,Non-Stick Pan,Home & Kitchen,52.77,800.0,42212.5,RandomForest
2698,2025-01-29,Store_Mumbai,Non-Stick Pan,Home & Kitchen,51.91,800.0,41531.64,RandomForest
2699,2025-01-30,Store_Mumbai,Non-Stick Pan,Home & Kitchen,48.02,800.0,38418.22,RandomForest
2700,2025-01-01,Store_Mumbai,Pressure Cooker,Home & Kitchen,34.98,1500.0,52476.4,RandomForest
2701,2025-01-02,Store_Mumbai,Pressure Cooker,Home & Kitchen,35.15,1500.0,52725.2,RandomForest
2702,2025-01-03,Store_Mumbai,Pressure Cooker,Home & Kitchen,35.15,1500.0,52725.2,RandomForest
2703,2025-01-04,Store_Mumbai,Pressure Cooker,Home & Kitchen,44.36,1500.0,66541.19,RandomForest
2704,2025-01-05,Store_Mumbai,Pressure Cooker,Home & Kitchen,43.75,1500.0,65617.7,RandomForest
2705,2025-01-06,Store_Mumbai,Pressure Cooker,Home & Kitchen,35.6,1500.0,53406.46,RandomForest
2706,2025-01-07,Store_Mumbai,Pressure Cooker,Home & Kitchen,36.32,1500.0,54478.51,RandomForest
2707,2025-01-08,Store_Mumbai,Pressure Cooker,Home & Kitchen,36.48,1500.0,54723.36,RandomForest
2708,2025-01-09,Store_Mumbai,Pressure Cooker,Home & Kitchen,36.48,1500.0,54723.36,RandomForest
2709,2025-01-10,Store_Mumbai,Pressure Cooker,Home & Kitchen,36.17,1500.0,54256.06,RandomForest
2710,2025-01-11,Store_Mumbai,Pressure Cooker,Home & Kitchen,44.61,1500.0,66921.99,RandomForest
2711,2025-01-12,Store_Mumbai,Pressure Cooker,Home & Kitchen,43.84,1500.0,65762.28,RandomForest
2712,2025-01-13,Store_Mumbai,Pressure Cooker,Home & Kitchen,35.71,1500.0,53568.4,RandomForest
2713,2025-01-14,Store_Mumbai,Pressure Cooker,Home & Kitchen,36.33,1500.0,54489.33,RandomForest
2714,2025-01-15,Store_Mumbai,Pressure Cooker,Home & Kitchen,36.33,1500.0,54489.33,RandomForest
2715,2025-01-16,Store_Mumbai,Pressure Cooker,Home & Kitchen,36.33,1500.0,54489.33,RandomForest
2716,2025-01-17,Store_Mumbai,Pressure Cooker,Home & Kitchen,36.33,1500.0,54489.33,RandomForest
2717,2025-01-18,Store_Mumbai,Pressure Cooker,Home & Kitchen,44.77,1500.0,67155.26,RandomForest
2718,2025-01-19,Store_Mumbai,Pressure Cooker,Home & Kitchen,44.0,1500.0,65995.55,RandomForest
2719,2025-01-20,Store_Mumbai,Pressure Cooker,Home & Kitchen,35.71,1500.0,53568.4,RandomForest
2720,2025-01-21,Store_Mumbai,Pressure Cooker,Home & Kitchen,36.36,1500.0,54547.38,RandomForest
2721,2025-01-22,Store_Mumbai,Pressure Cooker,Home & Kitchen,36.36,1500.0,54547.38,RandomForest
2722,2025-01-23,Store_Mumbai,Pressure Cooker,Home & Kitchen,36.36,1500.0,54547.38,RandomForest
2723,2025-01-24,Store_Mumbai,Pressure Cooker,Home & Kitchen,36.36,1500.0,54547.38,RandomForest
2724,2025-01-25,Store_Mumbai,Pressure Cooker,Home & Kitchen,44.81,1500.0,67219.11,RandomForest
2725,2025-01-26,Store_Mumbai,Pressure Cooker,Home & Kitchen,44.2,1500.0,66300.5,RandomForest
2726,2025-01-27,Store_Mumbai,Pressure Cooker,Home & Kitchen,35.75,1500.0,53626.45,RandomForest
2727,2025-01-28,Store_Mumbai,Pressure Cooker,Home & Kitchen,36.22,1500.0,54330.2,RandomForest
2728,2025-01-29,Store_Mumbai,Pressure Cooker,Home & Kitchen,36.22,1500.0,54330.2,RandomForest
2729,2025-01-30,Store_Mumbai,Pressure Cooker,Home & Kitchen,32.69,1500.0,49028.05,RandomForest
2730,2025-01-01,Store_Mumbai,Rice (5kg),Grocery,199.82,250.0,49955.23,RandomForest
2731,2025-01-02,Store_Mumbai,Rice (5kg),Grocery,199.49,250.0,49871.45,RandomForest
2732,2025-01-03,Store_Mumbai,Rice (5kg),Grocery,205.59,250.0,51398.56,RandomForest
2733,2025-01-04,Store_Mumbai,Rice (5kg),Grocery,268.35,250.0,67086.58,RandomForest
2734,2025-01-05,Store_Mumbai,Rice (5kg),Grocery,265.05,250.0,66262.21,RandomForest
2735,2025-01-06,Store_Mumbai,Rice (5kg),Grocery,204.7,250.0,51173.8,RandomForest
2736,2025-01-07,Store_Mumbai,Rice (5kg),Grocery,205.68,250.0,51420.95,RandomForest
2737,2025-01-08,Store_Mumbai,Rice (5kg),Grocery,205.85,250.0,51461.76,RandomForest
2738,2025-01-09,Store_Mumbai,Rice (5kg),Grocery,206.63,250.0,51656.89,RandomForest
2739,2025-01-10,Store_Mumbai,Rice (5kg),Grocery,207.34,250.0,51836.15,RandomForest
2740,2025-01-11,Store_Mumbai,Rice (5kg),Grocery,268.77,250.0,67191.94,RandomForest
2741,2025-01-12,Store_Mumbai,Rice (5kg),Grocery,265.31,250.0,66328.21,RandomForest
2742,2025-01-13,Store_Mumbai,Rice (5kg),Grocery,206.83,250.0,51707.39,RandomForest
2743,2025-01-14,Store_Mumbai,Rice (5kg),Grocery,207.72,250.0,51929.35,RandomForest
2744,2025-01-15,Store_Mumbai,Rice (5kg),Grocery,207.72,250.0,51929.35,RandomForest
2745,2025-01-16,Store_Mumbai,Rice (5kg),Grocery,207.5,250.0,51875.03,RandomForest
2746,2025-01-17,Store_Mumbai,Rice (5kg),Grocery,207.5,250.0,51875.03,RandomForest
2747,2025-01-18,Store_Mumbai,Rice (5kg),Grocery,268.92,250.0,67230.82,RandomForest
2748,2025-01-19,Store_Mumbai,Rice (5kg),Grocery,265.47,250.0,66367.09,RandomForest
2749,2025-01-20,Store_Mumbai,Rice (5kg),Grocery,206.83,250.0,51707.39,RandomForest
2750,2025-01-21,Store_Mumbai,Rice (5kg),Grocery,207.57,250.0,51892.86,RandomForest
2751,2025-01-22,Store_Mumbai,Rice (5kg),Grocery,207.57,250.0,51892.86,RandomForest
2752,2025-01-23,Store_Mumbai,Rice (5kg),Grocery,207.35,250.0,51838.54,RandomForest
2753,2025-01-24,Store_Mumbai,Rice (5kg),Grocery,207.35,250.0,51838.54,RandomForest
2754,2025-01-25,Store_Mumbai,Rice (5kg),Grocery,269.51,250.0,67378.67,RandomForest
2755,2025-01-26,Store_Mumbai,Rice (5kg),Grocery,266.22,250.0,66555.12,RandomForest
2756,2025-01-27,Store_Mumbai,Rice (5kg),Grocery,206.68,250.0,51670.9,RandomForest
2757,2025-01-28,Store_Mumbai,Rice (5kg),Grocery,207.57,250.0,51892.86,RandomForest
2758,2025-01-29,Store_Mumbai,Rice (5kg),Grocery,207.57,250.0,51892.86,RandomForest
2759,2025-01-30,Store_Mumbai,Rice (5kg),Grocery,199.28,250.0,49820.94,RandomForest
2760,2025-01-01,Store_Mumbai,Shampoo (200ml),Personal Care,147.3,180.0,26514.77,RandomForest
2761,2025-01-02,Store_Mumbai,Shampoo (200ml),Personal Care,148.21,180.0,26677.7,RandomForest
2762,2025-01-03,Store_Mumbai,Shampoo (200ml),Personal Care,150.45,180.0,27080.45,RandomForest
2763,2025-01-04,Store_Mumbai,Shampoo (200ml),Personal Care,194.97,180.0,35095.24,RandomForest
2764,2025-01-05,Store_Mumbai,Shampoo (200ml),Personal Care,192.96,180.0,34733.31,RandomForest
2765,2025-01-06,Store_Mumbai,Shampoo (200ml),Personal Care,153.6,180.0,27648.75,RandomForest
2766,2025-01-07,Store_Mumbai,Shampoo (200ml),Personal Care,157.87,180.0,28416.68,RandomForest
2767,2025-01-08,Store_Mumbai,Shampoo (200ml),Personal Care,158.03,180.0,28446.06,RandomForest
2768,2025-01-09,Store_Mumbai,Shampoo (200ml),Personal Care,157.9,180.0,28422.89,RandomForest
2769,2025-01-10,Store_Mumbai,Shampoo (200ml),Personal Care,158.93,180.0,28606.65,RandomForest
2770,2025-01-11,Store_Mumbai,Shampoo (200ml),Personal Care,195.4,180.0,35171.11,RandomForest
2771,2025-01-12,Store_Mumbai,Shampoo (200ml),Personal Care,193.23,180.0,34780.83,RandomForest
2772,2025-01-13,Store_Mumbai,Shampoo (200ml),Personal Care,155.04,180.0,27908.02,RandomForest
2773,2025-01-14,Store_Mumbai,Shampoo (200ml),Personal Care,159.21,180.0,28657.81,RandomForest
2774,2025-01-15,Store_Mumbai,Shampoo (200ml),Personal Care,159.21,180.0,28657.81,RandomForest
2775,2025-01-16,Store_Mumbai,Shampoo (200ml),Personal Care,159.08,180.0,28634.64,RandomForest
2776,2025-01-17,Store_Mumbai,Shampoo (200ml),Personal Care,159.08,180.0,28634.64,RandomForest
2777,2025-01-18,Store_Mumbai,Shampoo (200ml),Personal Care,195.94,180.0,35269.28,RandomForest
2778,2025-01-19,Store_Mumbai,Shampoo (200ml),Personal Care,193.77,180.0,34879.0,RandomForest
2779,2025-01-20,Store_Mumbai,Shampoo (200ml),Personal Care,155.43,180.0,27978.2,RandomForest
2780,2025-01-21,Store_Mumbai,Shampoo (200ml),Personal Care,159.71,180.0,28747.9,RandomForest
2781,2025-01-22,Store_Mumbai,Shampoo (200ml),Personal Care,159.71,180.0,28747.9,RandomForest
2782,2025-01-23,Store_Mumbai,Shampoo (200ml),Personal Care,159.58,180.0,28724.72,RandomForest
2783,2025-01-24,Store_Mumbai,Shampoo (200ml),Personal Care,159.58,180.0,28724.72,RandomForest
2784,2025-01-25,Store_Mumbai,Shampoo (200ml),Personal Care,196.79,180.0,35421.9,RandomForest
2785,2025-01-26,Store_Mumbai,Shampoo (200ml),Personal Care,194.78,180.0,35060.55,RandomForest
2786,2025-01-27,Store_Mumbai,Shampoo (200ml),Personal Care,155.55,180.0,27998.11,RandomForest
2787,2025-01-28,Store_Mumbai,Shampoo (200ml),Personal Care,159.71,180.0,28747.9,RandomForest
2788,2025-01-29,Store_Mumbai,Shampoo (200ml),Personal Care,159.71,180.0,28747.9,RandomForest
2789,2025-01-30,Store_Mumbai,Shampoo (200ml),Personal Care,149.61,180.0,26929.36,RandomForest
2790,2025-01-01,Store_Mumbai,Smart Watch,Electronics,57.75,8000.0,461969.85,RandomForest
2791,2025-01-02,Store_Mumbai,Smart Watch,Electronics,58.71,8000.0,469644.56,RandomForest
2792,2025-01-03,Store_Mumbai,Smart Watch,Electronics,59.28,8000.0,474244.96,RandomForest
2793,2025-01-04,Store_Mumbai,Smart Watch,Electronics,77.89,8000.0,623130.37,RandomForest
2794,2025-01-05,Store_Mumbai,Smart Watch,Electronics,76.41,8000.0,611268.07,RandomForest
2795,2025-01-06,Store_Mumbai,Smart Watch,Electronics,62.76,8000.0,502057.56,RandomForest
2796,2025-01-07,Store_Mumbai,Smart Watch,Electronics,65.19,8000.0,521538.94,RandomForest
2797,2025-01-08,Store_Mumbai,Smart Watch,Electronics,65.36,8000.0,522844.79,RandomForest
2798,2025-01-09,Store_Mumbai,Smart Watch,Electronics,65.23,8000.0,521814.82,RandomForest
2799,2025-01-10,Store_Mumbai,Smart Watch,Electronics,65.66,8000.0,525295.23,RandomForest
2800,2025-01-11,Store_Mumbai,Smart Watch,Electronics,80.26,8000.0,642099.85,RandomForest
2801,2025-01-12,Store_Mumbai,Smart Watch,Electronics,78.32,8000.0,626566.47,RandomForest
2802,2025-01-13,Store_Mumbai,Smart Watch,Electronics,64.66,8000.0,517280.46,RandomForest
2803,2025-01-14,Store_Mumbai,Smart Watch,Electronics,65.95,8000.0,527569.27,RandomForest
2804,2025-01-15,Store_Mumbai,Smart Watch,Electronics,65.95,8000.0,527569.27,RandomForest
2805,2025-01-16,Store_Mumbai,Smart Watch,Electronics,65.82,8000.0,526539.31,RandomForest
2806,2025-01-17,Store_Mumbai,Smart Watch,Electronics,65.82,8000.0,526539.31,RandomForest
2807,2025-01-18,Store_Mumbai,Smart Watch,Electronics,80.42,8000.0,643343.93,RandomForest
2808,2025-01-19,Store_Mumbai,Smart Watch,Electronics,78.48,8000.0,627810.55,RandomForest
2809,2025-01-20,Store_Mumbai,Smart Watch,Electronics,64.66,8000.0,517280.46,RandomForest
2810,2025-01-21,Store_Mumbai,Smart Watch,Electronics,65.98,8000.0,527878.85,RandomForest
2811,2025-01-22,Store_Mumbai,Smart Watch,Electronics,65.98,8000.0,527878.85,RandomForest
2812,2025-01-23,Store_Mumbai,Smart Watch,Electronics,65.86,8000.0,526848.88,RandomForest
2813,2025-01-24,Store_Mumbai,Smart Watch,Electronics,65.86,8000.0,526848.88,RandomForest
2814,2025-01-25,Store_Mumbai,Smart Watch,Electronics,80.46,8000.0,643684.39,RandomForest
2815,2025-01-26,Store_Mumbai,Smart Watch,Electronics,78.68,8000.0,629436.77,RandomForest
2816,2025-01-27,Store_Mumbai,Smart Watch,Electronics,64.7,8000.0,517590.03,RandomForest
2817,2025-01-28,Store_Mumbai,Smart Watch,Electronics,65.69,8000.0,525485.23,RandomForest
2818,2025-01-29,Store_Mumbai,Smart Watch,Electronics,65.47,8000.0,523728.21,RandomForest
2819,2025-01-30,Store_Mumbai,Smart Watch,Electronics,61.07,8000.0,488554.99,RandomForest
2820,2025-01-01,Store_Mumbai,Smartphone,Electronics,45.5,15000.0,682440.66,RandomForest
2821,2025-01-02,Store_Mumbai,Smartphone,Electronics,46.44,15000.0,696562.1,RandomForest
2822,2025-01-03,Store_Mumbai,Smartphone,Electronics,47.01,15000.0,705187.85,RandomForest
2823,2025-01-04,Store_Mumbai,Smartphone,Electronics,61.16,15000.0,917354.97,RandomForest
2824,2025-01-05,Store_Mumbai,Smartphone,Electronics,60.84,15000.0,912641.09,RandomForest
2825,2025-01-06,Store_Mumbai,Smartphone,Electronics,50.43,15000.0,756514.72,RandomForest
2826,2025-01-07,Store_Mumbai,Smartphone,Electronics,51.52,15000.0,772845.27,RandomForest
2827,2025-01-08,Store_Mumbai,Smartphone,Electronics,51.69,15000.0,775293.73,RandomForest
2828,2025-01-09,Store_Mumbai,Smartphone,Electronics,51.69,15000.0,775293.73,RandomForest
2829,2025-01-10,Store_Mumbai,Smartphone,Electronics,52.12,15000.0,781819.55,RandomForest
2830,2025-01-11,Store_Mumbai,Smartphone,Electronics,63.39,15000.0,950910.53,RandomForest
2831,2025-01-12,Store_Mumbai,Smartphone,Electronics,62.62,15000.0,939313.49,RandomForest
2832,2025-01-13,Store_Mumbai,Smartphone,Electronics,51.44,15000.0,771629.33,RandomForest
2833,2025-01-14,Store_Mumbai,Smartphone,Electronics,52.28,15000.0,784152.26,RandomForest
2834,2025-01-15,Store_Mumbai,Smartphone,Electronics,52.28,15000.0,784152.26,RandomForest
2835,2025-01-16,Store_Mumbai,Smartphone,Electronics,52.28,15000.0,784152.26,RandomForest
2836,2025-01-17,Store_Mumbai,Smartphone,Electronics,52.28,15000.0,784152.26,RandomForest
2837,2025-01-18,Store_Mumbai,Smartphone,Electronics,63.55,15000.0,953243.24,RandomForest
2838,2025-01-19,Store_Mumbai,Smartphone,Electronics,62.78,15000.0,941646.19,RandomForest
2839,2025-01-20,Store_Mumbai,Smartphone,Electronics,51.44,15000.0,771629.33,RandomForest
2840,2025-01-21,Store_Mumbai,Smartphone,Electronics,52.32,15000.0,784732.76,RandomForest
2841,2025-01-22,Store_Mumbai,Smartphone,Electronics,52.32,15000.0,784732.76,RandomForest
2842,2025-01-23,Store_Mumbai,Smartphone,Electronics,52.32,15000.0,784732.76,RandomForest
2843,2025-01-24,Store_Mumbai,Smartphone,Electronics,52.32,15000.0,784732.76,RandomForest
2844,2025-01-25,Store_Mumbai,Smartphone,Electronics,63.59,15000.0,953881.76,RandomForest
2845,2025-01-26,Store_Mumbai,Smartphone,Electronics,62.98,15000.0,944695.64,RandomForest
2846,2025-01-27,Store_Mumbai,Smartphone,Electronics,51.48,15000.0,772209.84,RandomForest
2847,2025-01-28,Store_Mumbai,Smartphone,Electronics,52.17,15000.0,782560.96,RandomForest
2848,2025-01-29,Store_Mumbai,Smartphone,Electronics,51.95,15000.0,779266.55,RandomForest
2849,2025-01-30,Store_Mumbai,Smartphone,Electronics,47.68,15000.0,715248.3,RandomForest
2850,2025-01-01,Store_Mumbai,Sports Shoes,Clothing,46.36,1999.0,92668.23,RandomForest
2851,2025-01-02,Store_Mumbai,Sports Shoes,Clothing,47.3,1999.0,94550.14,RandomForest
2852,2025-01-03,Store_Mumbai,Sports Shoes,Clothing,47.3,1999.0,94550.14,RandomForest
2853,2025-01-04,Store_Mumbai,Sports Shoes,Clothing,56.61,1999.0,113168.82,RandomForest
2854,2025-01-05,Store_Mumbai,Sports Shoes,Clothing,57.99,1999.0,115912.66,RandomForest
2855,2025-01-06,Store_Mumbai,Sports Shoes,Clothing,48.3,1999.0,96550.85,RandomForest
2856,2025-01-07,Store_Mumbai,Sports Shoes,Clothing,49.24,1999.0,98421.13,RandomForest
2857,2025-01-08,Store_Mumbai,Sports Shoes,Clothing,49.4,1999.0,98747.43,RandomForest
2858,2025-01-09,Store_Mumbai,Sports Shoes,Clothing,49.4,1999.0,98747.43,RandomForest
2859,2025-01-10,Store_Mumbai,Sports Shoes,Clothing,49.83,1999.0,99617.11,RandomForest
2860,2025-01-11,Store_Mumbai,Sports Shoes,Clothing,58.49,1999.0,116915.18,RandomForest
2861,2025-01-12,Store_Mumbai,Sports Shoes,Clothing,58.85,1999.0,117639.75,RandomForest
2862,2025-01-13,Store_Mumbai,Sports Shoes,Clothing,49.15,1999.0,98259.09,RandomForest
2863,2025-01-14,Store_Mumbai,Sports Shoes,Clothing,49.99,1999.0,99927.98,RandomForest
2864,2025-01-15,Store_Mumbai,Sports Shoes,Clothing,49.89,1999.0,99729.0,RandomForest
2865,2025-01-16,Store_Mumbai,Sports Shoes,Clothing,49.89,1999.0,99729.0,RandomForest
2866,2025-01-17,Store_Mumbai,Sports Shoes,Clothing,49.89,1999.0,99729.0,RandomForest
2867,2025-01-18,Store_Mumbai,Sports Shoes,Clothing,58.54,1999.0,117027.07,RandomForest
2868,2025-01-19,Store_Mumbai,Sports Shoes,Clothing,58.91,1999.0,117751.64,RandomForest
2869,2025-01-20,Store_Mumbai,Sports Shoes,Clothing,49.05,1999.0,98060.11,RandomForest
2870,2025-01-21,Store_Mumbai,Sports Shoes,Clothing,49.93,1999.0,99806.36,RandomForest
2871,2025-01-22,Store_Mumbai,Sports Shoes,Clothing,49.93,1999.0,99806.36,RandomForest
2872,2025-01-23,Store_Mumbai,Sports Shoes,Clothing,49.93,1999.0,99806.36,RandomForest
2873,2025-01-24,Store_Mumbai,Sports Shoes,Clothing,49.93,1999.0,99806.36,RandomForest
2874,2025-01-25,Store_Mumbai,Sports Shoes,Clothing,58.59,1999.0,117112.17,RandomForest
2875,2025-01-26,Store_Mumbai,Sports Shoes,Clothing,59.11,1999.0,118158.03,RandomForest
2876,2025-01-27,Store_Mumbai,Sports Shoes,Clothing,49.09,1999.0,98137.48,RandomForest
2877,2025-01-28,Store_Mumbai,Sports Shoes,Clothing,49.78,1999.0,99516.94,RandomForest
2878,2025-01-29,Store_Mumbai,Sports Shoes,Clothing,49.78,1999.0,99516.94,RandomForest
2879,2025-01-30,Store_Mumbai,Sports Shoes,Clothing,45.89,1999.0,91737.29,RandomForest
2880,2025-01-01,Store_Mumbai,Toothpaste,Personal Care,315.75,80.0,25259.71,RandomForest
2881,2025-01-02,Store_Mumbai,Toothpaste,Personal Care,313.64,80.0,25091.23,RandomForest
2882,2025-01-03,Store_Mumbai,Toothpaste,Personal Care,315.93,80.0,25274.7,RandomForest
2883,2025-01-04,Store_Mumbai,Toothpaste,Personal Care,401.8,80.0,32143.77,RandomForest
2884,2025-01-05,Store_Mumbai,Toothpaste,Personal Care,415.76,80.0,33260.71,RandomForest
2885,2025-01-06,Store_Mumbai,Toothpaste,Personal Care,323.04,80.0,25843.4,RandomForest
2886,2025-01-07,Store_Mumbai,Toothpaste,Personal Care,323.88,80.0,25910.65,RandomForest
2887,2025-01-08,Store_Mumbai,Toothpaste,Personal Care,323.89,80.0,25911.58,RandomForest
2888,2025-01-09,Store_Mumbai,Toothpaste,Personal Care,329.07,80.0,26325.84,RandomForest
2889,2025-01-10,Store_Mumbai,Toothpaste,Personal Care,325.36,80.0,26029.0,RandomForest
2890,2025-01-11,Store_Mumbai,Toothpaste,Personal Care,407.67,80.0,32613.58,RandomForest
2891,2025-01-12,Store_Mumbai,Toothpaste,Personal Care,418.76,80.0,33500.88,RandomForest
2892,2025-01-13,Store_Mumbai,Toothpaste,Personal Care,328.83,80.0,26306.07,RandomForest
2893,2025-01-14,Store_Mumbai,Toothpaste,Personal Care,330.22,80.0,26417.64,RandomForest
2894,2025-01-15,Store_Mumbai,Toothpaste,Personal Care,330.22,80.0,26417.64,RandomForest
2895,2025-01-16,Store_Mumbai,Toothpaste,Personal Care,330.91,80.0,26472.91,RandomForest
2896,2025-01-17,Store_Mumbai,Toothpaste,Personal Care,327.69,80.0,26214.83,RandomForest
2897,2025-01-18,Store_Mumbai,Toothpaste,Personal Care,408.48,80.0,32678.02,RandomForest
2898,2025-01-19,Store_Mumbai,Toothpaste,Personal Care,419.57,80.0,33565.31,RandomForest
2899,2025-01-20,Store_Mumbai,Toothpaste,Personal Care,330.77,80.0,26461.64,RandomForest
2900,2025-01-21,Store_Mumbai,Toothpaste,Personal Care,332.39,80.0,26590.96,RandomForest
2901,2025-01-22,Store_Mumbai,Toothpaste,Personal Care,335.21,80.0,26816.58,RandomForest
2902,2025-01-23,Store_Mumbai,Toothpaste,Personal Care,334.78,80.0,26782.11,RandomForest
2903,2025-01-24,Store_Mumbai,Toothpaste,Personal Care,331.55,80.0,26524.04,RandomForest
2904,2025-01-25,Store_Mumbai,Toothpaste,Personal Care,428.47,80.0,34277.95,RandomForest
2905,2025-01-26,Store_Mumbai,Toothpaste,Personal Care,440.22,80.0,35217.33,RandomForest
2906,2025-01-27,Store_Mumbai,Toothpaste,Personal Care,346.39,80.0,27711.47,RandomForest
2907,2025-01-28,Store_Mumbai,Toothpaste,Personal Care,346.97,80.0,27757.2,RandomForest
2908,2025-01-29,Store_Mumbai,Toothpaste,Personal Care,346.79,80.0,27742.93,RandomForest
2909,2025-01-30,Store_Mumbai,Toothpaste,Personal Care,349.6,80.0,27967.66,RandomForest
2910,2025-01-01,Store_Mumbai,Water Bottle,Home & Kitchen,104.64,350.0,36623.57,RandomForest
2911,2025-01-02,Store_Mumbai,Water Bottle,Home & Kitchen,102.87,350.0,36004.48,RandomForest
2912,2025-01-03,Store_Mumbai,Water Bottle,Home & Kitchen,103.58,350.0,36254.23,RandomForest
2913,2025-01-04,Store_Mumbai,Water Bottle,Home & Kitchen,133.86,350.0,46851.15,RandomForest
2914,2025-01-05,Store_Mumbai,Water Bottle,Home & Kitchen,132.82,350.0,46486.25,RandomForest
2915,2025-01-06,Store_Mumbai,Water Bottle,Home & Kitchen,107.02,350.0,37455.34,RandomForest
2916,2025-01-07,Store_Mumbai,Water Bottle,Home & Kitchen,110.13,350.0,38544.97,RandomForest
2917,2025-01-08,Store_Mumbai,Water Bottle,Home & Kitchen,110.29,350.0,38602.1,RandomForest
2918,2025-01-09,Store_Mumbai,Water Bottle,Home & Kitchen,110.16,350.0,38557.04,RandomForest
2919,2025-01-10,Store_Mumbai,Water Bottle,Home & Kitchen,110.03,350.0,38510.79,RandomForest
2920,2025-01-11,Store_Mumbai,Water Bottle,Home & Kitchen,134.28,350.0,46998.67,RandomForest
2921,2025-01-12,Store_Mumbai,Water Bottle,Home & Kitchen,133.08,350.0,46578.65,RandomForest
2922,2025-01-13,Store_Mumbai,Water Bottle,Home & Kitchen,107.3,350.0,37555.9,RandomForest
2923,2025-01-14,Store_Mumbai,Water Bottle,Home & Kitchen,109.76,350.0,38417.63,RandomForest
2924,2025-01-15,Store_Mumbai,Water Bottle,Home & Kitchen,109.76,350.0,38417.63,RandomForest
2925,2025-01-16,Store_Mumbai,Water Bottle,Home & Kitchen,109.64,350.0,38372.57,RandomForest
2926,2025-01-17,Store_Mumbai,Water Bottle,Home & Kitchen,109.64,350.0,38372.57,RandomForest
2927,2025-01-18,Store_Mumbai,Water Bottle,Home & Kitchen,133.89,350.0,46860.46,RandomForest
2928,2025-01-19,Store_Mumbai,Water Bottle,Home & Kitchen,132.69,350.0,46440.44,RandomForest
2929,2025-01-20,Store_Mumbai,Water Bottle,Home & Kitchen,107.3,350.0,37555.9,RandomForest
2930,2025-01-21,Store_Mumbai,Water Bottle,Home & Kitchen,109.8,350.0,38431.18,RandomForest
2931,2025-01-22,Store_Mumbai,Water Bottle,Home & Kitchen,109.8,350.0,38431.18,RandomForest
2932,2025-01-23,Store_Mumbai,Water Bottle,Home & Kitchen,109.67,350.0,38386.11,RandomForest
2933,2025-01-24,Store_Mumbai,Water Bottle,Home & Kitchen,109.67,350.0,38386.11,RandomForest
2934,2025-01-25,Store_Mumbai,Water Bottle,Home & Kitchen,133.93,350.0,46875.36,RandomForest
2935,2025-01-26,Store_Mumbai,Water Bottle,Home & Kitchen,132.89,350.0,46511.6,RandomForest
2936,2025-01-27,Store_Mumbai,Water Bottle,Home & Kitchen,107.34,350.0,37569.44,RandomForest
2937,2025-01-28,Store_Mumbai,Water Bottle,Home & Kitchen,109.48,350.0,38317.85,RandomForest
2938,2025-01-29,Store_Mumbai,Water Bottle,Home & Kitchen,109.48,350.0,38317.85,RandomForest
2939,2025-01-30,Store_Mumbai,Water Bottle,Home & Kitchen,104.51,350.0,36579.96,RandomForest
2940,2025-01-01,Store_Mumbai,Wheat Flour (5kg),Grocery,215.36,200.0,43072.86,RandomForest
2941,2025-01-02,Store_Mumbai,Wheat Flour (5kg),Grocery,212.29,200.0,42457.79,RandomForest
2942,2025-01-03,Store_Mumbai,Wheat Flour (5kg),Grocery,217.81,200.0,43561.67,RandomForest
2943,2025-01-04,Store_Mumbai,Wheat Flour (5kg),Grocery,279.22,200.0,55844.4,RandomForest
2944,2025-01-05,Store_Mumbai,Wheat Flour (5kg),Grocery,277.75,200.0,55549.15,RandomForest
2945,2025-01-06,Store_Mumbai,Wheat Flour (5kg),Grocery,220.17,200.0,44033.15,RandomForest
2946,2025-01-07,Store_Mumbai,Wheat Flour (5kg),Grocery,218.28,200.0,43656.2,RandomForest
2947,2025-01-08,Store_Mumbai,Wheat Flour (5kg),Grocery,218.46,200.0,43691.17,RandomForest
2948,2025-01-09,Store_Mumbai,Wheat Flour (5kg),Grocery,221.5,200.0,44300.44,RandomForest
2949,2025-01-10,Store_Mumbai,Wheat Flour (5kg),Grocery,221.93,200.0,44385.6,RandomForest
2950,2025-01-11,Store_Mumbai,Wheat Flour (5kg),Grocery,279.12,200.0,55824.08,RandomForest
2951,2025-01-12,Store_Mumbai,Wheat Flour (5kg),Grocery,277.75,200.0,55549.22,RandomForest
2952,2025-01-13,Store_Mumbai,Wheat Flour (5kg),Grocery,222.76,200.0,44552.72,RandomForest
2953,2025-01-14,Store_Mumbai,Wheat Flour (5kg),Grocery,223.48,200.0,44696.72,RandomForest
2954,2025-01-15,Store_Mumbai,Wheat Flour (5kg),Grocery,223.48,200.0,44696.72,RandomForest
2955,2025-01-16,Store_Mumbai,Wheat Flour (5kg),Grocery,222.78,200.0,44556.96,RandomForest
2956,2025-01-17,Store_Mumbai,Wheat Flour (5kg),Grocery,222.78,200.0,44556.96,RandomForest
2957,2025-01-18,Store_Mumbai,Wheat Flour (5kg),Grocery,279.98,200.0,55995.44,RandomForest
2958,2025-01-19,Store_Mumbai,Wheat Flour (5kg),Grocery,278.6,200.0,55720.59,RandomForest
2959,2025-01-20,Store_Mumbai,Wheat Flour (5kg),Grocery,223.46,200.0,44692.98,RandomForest
2960,2025-01-21,Store_Mumbai,Wheat Flour (5kg),Grocery,224.04,200.0,44807.79,RandomForest
2961,2025-01-22,Store_Mumbai,Wheat Flour (5kg),Grocery,224.04,200.0,44807.79,RandomForest
2962,2025-01-23,Store_Mumbai,Wheat Flour (5kg),Grocery,222.64,200.0,44527.77,RandomForest
2963,2025-01-24,Store_Mumbai,Wheat Flour (5kg),Grocery,222.64,200.0,44527.77,RandomForest
2964,2025-01-25,Store_Mumbai,Wheat Flour (5kg),Grocery,281.2,200.0,56240.69,RandomForest
2965,2025-01-26,Store_Mumbai,Wheat Flour (5kg),Grocery,283.51,200.0,56701.26,RandomForest
2966,2025-01-27,Store_Mumbai,Wheat Flour (5kg),Grocery,225.84,200.0,45168.87,RandomForest
2967,2025-01-28,Store_Mumbai,Wheat Flour (5kg),Grocery,226.56,200.0,45312.87,RandomForest
2968,2025-01-29,Store_Mumbai,Wheat Flour (5kg),Grocery,226.56,200.0,45312.87,RandomForest
2969,2025-01-30,Store_Mumbai,Wheat Flour (5kg),Grocery,224.15,200.0,44829.68,RandomForest
2970,2025-01-01,Store_Mumbai,Women Kurti,Clothing,76.22,899.0,68524.83,RandomForest
2971,2025-01-02,Store_Mumbai,Women Kurti,Clothing,77.18,899.0,69387.28,RandomForest
2972,2025-01-03,Store_Mumbai,Women Kurti,Clothing,77.18,899.0,69387.28,RandomForest
2973,2025-01-04,Store_Mumbai,Women Kurti,Clothing,98.62,899.0,88659.4,RandomForest
2974,2025-01-05,Store_Mumbai,Women Kurti,Clothing,96.84,899.0,87055.41,RandomForest
2975,2025-01-06,Store_Mumbai,Women Kurti,Clothing,78.46,899.0,70532.6,RandomForest
2976,2025-01-07,Store_Mumbai,Women Kurti,Clothing,80.61,899.0,72465.15,RandomForest
2977,2025-01-08,Store_Mumbai,Women Kurti,Clothing,80.77,899.0,72611.89,RandomForest
2978,2025-01-09,Store_Mumbai,Women Kurti,Clothing,80.64,899.0,72496.15,RandomForest
2979,2025-01-10,Store_Mumbai,Women Kurti,Clothing,81.08,899.0,72887.26,RandomForest
2980,2025-01-11,Store_Mumbai,Women Kurti,Clothing,99.64,899.0,89577.69,RandomForest
2981,2025-01-12,Store_Mumbai,Women Kurti,Clothing,97.7,899.0,87832.13,RandomForest
2982,2025-01-13,Store_Mumbai,Women Kurti,Clothing,79.31,899.0,71300.83,RandomForest
2983,2025-01-14,Store_Mumbai,Women Kurti,Clothing,81.36,899.0,73142.81,RandomForest
2984,2025-01-15,Store_Mumbai,Women Kurti,Clothing,81.36,899.0,73142.81,RandomForest
2985,2025-01-16,Store_Mumbai,Women Kurti,Clothing,81.23,899.0,73027.06,RandomForest
2986,2025-01-17,Store_Mumbai,Women Kurti,Clothing,81.23,899.0,73027.06,RandomForest
2987,2025-01-18,Store_Mumbai,Women Kurti,Clothing,99.8,899.0,89717.49,RandomForest
2988,2025-01-19,Store_Mumbai,Women Kurti,Clothing,97.86,899.0,87971.93,RandomForest
2989,2025-01-20,Store_Mumbai,Women Kurti,Clothing,79.31,899.0,71300.83,RandomForest
2990,2025-01-21,Store_Mumbai,Women Kurti,Clothing,81.4,899.0,73177.59,RandomForest
2991,2025-01-22,Store_Mumbai,Women Kurti,Clothing,81.4,899.0,73177.59,RandomForest
2992,2025-01-23,Store_Mumbai,Women Kurti,Clothing,81.27,899.0,73061.85,RandomForest
2993,2025-01-24,Store_Mumbai,Women Kurti,Clothing,81.27,899.0,73061.85,RandomForest
2994,2025-01-25,Store_Mumbai,Women Kurti,Clothing,99.84,899.0,89755.75,RandomForest
2995,2025-01-26,Store_Mumbai,Women Kurti,Clothing,98.06,899.0,88154.68,RandomForest
2996,2025-01-27,Store_Mumbai,Women Kurti,Clothing,79.35,899.0,71335.61,RandomForest
2997,2025-01-28,Store_Mumbai,Women Kurti,Clothing,81.09,899.0,72896.29,RandomForest
2998,2025-01-29,Store_Mumbai,Women Kurti,Clothing,80.23,899.0,72131.18,RandomForest
2999,2025-01-30,Store_Mumbai,Women Kurti,Clothing,75.84,899.0,68178.61,RandomForest
